Student_ID,Study_Hours_Per_Day,Extracurricular_Hours_Per_Day,Sleep_Hours_Per_Day,Social_Hours_Per_Day,Physical_Activity_Hours_Per_Day,GPA,Stress_Level_High,Stress_Level_Low,Stress_Level_Moderate
1,6.9,3.8,8.7,2.8,1.8,2.99,False,False,True
2,5.3,3.5,8.0,4.2,3.0,2.75,False,True,False
3,5.1,3.9,9.2,1.2,4.6,2.67,False,True,False
4,6.5,2.1,7.2,1.7,6.5,2.88,False,False,True
5,8.1,0.6,6.5,2.2,6.6,3.51,True,False,False
6,6.0,2.1,8.0,0.3,7.6,2.85,False,False,True
7,8.0,0.7,5.3,5.7,4.3,3.08,True,False,False
8,8.4,1.8,5.6,3.0,5.2,3.2,True,False,False
9,5.2,3.6,6.3,4.0,4.9,2.82,False,True,False
10,7.7,0.7,9.8,4.5,1.3,2.76,False,False,True
11,9.7,3.6,8.0,2.5,0.2,3.43,True,False,False
12,6.9,1.1,9.1,2.1,4.8,2.97,False,False,True
13,6.4,2.2,5.7,4.8,4.9,2.82,True,False,False
14,5.0,3.3,8.5,4.4,2.8,2.87,False,True,False
15,8.9,0.3,6.8,0.7,7.3,3.4,True,False,False
16,6.7,0.3,6.6,2.0,8.4,3.2,False,False,True
17,8.6,2.6,9.4,1.6,1.8,3.36,True,False,False
18,8.8,2.2,8.9,2.0,2.1,3.19,True,False,False
19,7.6,1.7,5.1,0.6,9.0,3.16,True,False,False
20,6.6,2.0,9.5,1.5,4.4,2.93,False,False,True
21,7.1,3.0,6.1,0.5,7.3,2.9,False,False,True
22,9.6,3.2,8.2,2.6,0.4,3.34,True,False,False
23,9.0,0.7,9.5,2.6,2.2,3.21,True,False,False
24,6.1,1.7,9.1,5.2,1.9,2.85,False,False,True
25,5.0,2.0,7.1,1.3,8.6,2.68,False,True,False
26,9.7,1.3,7.6,3.8,1.6,3.29,True,False,False
27,6.8,3.9,9.8,0.9,2.6,2.64,False,False,True
28,6.4,0.1,8.0,3.0,6.5,2.95,False,False,True
29,5.3,1.1,9.5,1.4,6.7,2.79,False,True,False
30,9.9,1.0,8.4,3.6,1.1,3.25,True,False,False
31,6.2,2.9,6.8,3.8,4.3,3.05,False,False,True
32,5.5,3.3,6.6,1.1,7.5,3.26,False,True,False
33,5.2,2.4,8.4,0.1,7.9,2.47,False,True,False
34,8.2,0.7,8.5,2.3,4.3,3.24,True,False,False
35,9.7,0.6,6.7,0.7,6.3,3.62,True,False,False
36,9.1,2.2,7.6,1.2,3.9,3.12,True,False,False
37,5.5,3.6,9.5,3.4,2.0,2.58,False,True,False
38,8.6,3.6,9.4,1.9,0.5,3.03,True,False,False
39,8.2,0.3,5.8,5.4,4.3,3.29,True,False,False
40,5.0,0.6,7.7,4.2,6.5,2.61,False,True,False
41,8.3,0.9,8.6,1.4,4.8,3.48,True,False,False
42,8.2,3.4,8.3,2.3,1.8,3.07,True,False,False
43,5.5,1.5,6.3,1.5,9.2,2.81,False,True,False
44,9.5,2.5,9.0,1.5,1.5,3.49,True,False,False
45,7.9,2.0,6.0,4.3,3.8,2.97,False,False,True
46,9.7,3.8,9.6,0.3,0.6,3.55,True,False,False
47,5.1,3.7,7.1,5.8,2.3,2.6,False,True,False
48,9.3,1.3,5.8,3.3,4.3,3.09,True,False,False
49,9.7,2.8,7.9,0.3,3.3,3.47,True,False,False
50,9.4,3.0,8.5,2.2,0.9,3.18,True,False,False
51,6.8,1.2,9.0,4.9,2.1,3.12,False,False,True
52,9.0,2.6,8.5,3.1,0.8,4.0,True,False,False
53,9.5,1.4,6.9,0.6,5.6,3.33,True,False,False
54,7.3,2.2,6.4,3.5,4.6,3.11,False,False,True
55,5.2,0.1,9.1,2.2,7.4,2.79,False,True,False
56,8.8,0.9,8.1,0.5,5.7,3.1,True,False,False
57,5.3,2.1,7.7,3.8,5.1,2.39,False,True,False
58,9.0,1.1,7.2,0.5,6.2,3.39,True,False,False
59,5.1,3.9,9.2,4.0,1.8,2.52,False,True,False
60,5.8,1.0,7.7,4.3,5.2,2.8,False,True,False
61,8.3,1.1,9.8,3.5,1.3,3.67,True,False,False
62,7.1,1.0,6.8,4.5,4.6,3.27,False,False,True
63,5.1,0.5,5.2,0.2,13.0,2.85,True,False,False
64,7.4,0.4,7.5,2.8,5.9,3.26,False,False,True
65,5.9,1.7,7.0,3.7,5.7,2.8,False,True,False
66,6.9,2.5,7.5,5.1,2.0,3.06,False,False,True
67,8.3,0.7,5.4,3.9,5.7,3.26,True,False,False
68,9.7,2.3,6.9,3.3,1.8,3.38,True,False,False
69,7.3,2.2,9.7,1.9,2.9,3.15,False,False,True
70,5.4,1.3,9.2,0.1,8.0,2.69,False,True,False
71,9.1,1.1,5.6,4.2,4.0,3.54,True,False,False
72,8.7,3.2,6.4,1.0,4.7,3.37,True,False,False
73,8.8,3.2,10.0,0.8,1.2,3.58,True,False,False
74,6.7,3.7,9.3,1.8,2.5,2.89,False,False,True
75,8.8,3.0,5.5,5.4,1.3,3.58,True,False,False
76,6.6,3.6,6.9,0.1,6.8,2.99,False,False,True
77,9.5,0.4,6.6,5.7,1.8,3.44,True,False,False
78,8.2,1.8,6.5,2.0,5.5,3.35,True,False,False
79,8.4,3.0,9.0,2.8,0.8,3.26,True,False,False
80,5.3,2.2,7.2,5.3,4.0,2.62,False,True,False
81,6.8,0.5,5.7,4.6,6.4,2.86,True,False,False
82,5.4,2.8,5.4,4.9,5.5,2.86,True,False,False
83,8.5,0.3,5.4,5.9,3.9,2.99,True,False,False
84,9.1,3.8,9.9,0.9,0.3,3.08,True,False,False
85,6.9,0.3,8.9,3.4,4.5,3.21,False,False,True
86,5.6,2.0,5.1,2.8,8.5,2.81,True,False,False
87,5.3,0.5,5.6,3.9,8.7,2.9,True,False,False
88,9.8,1.5,6.4,5.2,1.1,3.78,True,False,False
89,6.1,3.9,5.1,5.8,3.1,2.96,True,False,False
90,5.4,2.2,9.8,3.1,3.5,2.81,False,True,False
91,8.1,2.8,7.3,3.6,2.2,3.39,True,False,False
92,5.2,1.1,9.8,5.3,2.6,2.82,False,True,False
93,7.3,2.5,6.4,1.1,6.7,2.67,False,False,True
94,7.9,0.3,9.9,5.8,0.1,3.08,False,False,True
95,8.5,2.1,6.5,4.9,2.0,3.1,True,False,False
96,9.6,3.3,9.7,1.0,0.4,3.54,True,False,False
97,8.1,1.7,9.7,3.9,0.6,3.45,True,False,False
98,9.9,0.6,8.0,2.1,3.4,3.39,True,False,False
99,9.8,3.4,9.2,0.7,0.9,3.15,True,False,False
100,5.3,3.5,9.1,6.0,0.1,2.68,False,True,False
101,10.0,2.2,8.8,2.8,0.2,3.41,True,False,False
102,7.3,0.5,9.8,3.6,2.8,3.22,False,False,True
103,6.1,2.7,8.1,2.1,5.0,2.98,False,False,True
104,7.6,3.1,7.6,4.9,0.8,2.99,False,False,True
105,7.8,2.2,9.4,1.9,2.7,3.3,False,False,True
106,8.5,0.9,5.7,0.1,8.8,3.55,True,False,False
107,6.8,2.4,7.0,2.6,5.2,2.97,False,False,True
108,7.6,3.1,7.0,3.7,2.6,3.28,False,False,True
109,9.3,3.8,5.7,4.8,0.4,3.05,True,False,False
110,7.3,3.9,7.5,1.7,3.6,3.08,False,False,True
111,8.2,1.0,5.4,0.8,8.6,3.3,True,False,False
112,5.9,1.4,9.5,2.8,4.4,2.7,False,True,False
113,8.3,0.7,6.0,0.2,8.8,3.14,True,False,False
114,5.9,0.4,5.6,2.8,9.3,2.73,True,False,False
115,6.0,1.5,7.5,4.1,4.9,2.76,False,False,True
116,9.4,3.7,5.3,1.6,4.0,3.45,True,False,False
117,9.0,3.0,5.9,1.3,4.8,3.29,True,False,False
118,8.1,1.5,7.3,4.5,2.6,2.75,True,False,False
119,5.2,1.0,8.6,5.4,3.8,3.4,False,True,False
120,5.5,1.8,7.7,1.5,7.5,3.05,False,True,False
121,6.3,1.5,5.1,1.9,9.2,2.82,True,False,False
122,5.6,3.6,8.0,4.1,2.7,2.62,False,True,False
123,8.9,2.0,5.4,3.2,4.5,3.64,True,False,False
124,7.2,0.5,6.4,2.2,7.7,3.19,False,False,True
125,8.2,2.3,6.8,5.9,0.8,2.95,True,False,False
126,5.5,0.6,6.2,1.0,10.7,2.94,False,True,False
127,5.9,1.1,5.9,5.4,5.7,2.89,True,False,False
128,7.1,3.9,5.6,2.4,5.0,2.9,True,False,False
129,9.8,3.5,9.1,0.4,1.2,3.57,True,False,False
130,9.6,2.2,7.9,1.2,3.1,3.24,True,False,False
131,8.8,0.7,6.6,2.6,5.3,2.99,True,False,False
132,5.6,2.4,6.4,3.5,6.1,2.85,False,True,False
133,5.8,1.9,7.7,0.3,8.3,2.7,False,True,False
134,5.3,4.0,6.6,4.9,3.2,2.72,False,True,False
135,6.3,2.7,8.8,3.6,2.6,2.45,False,False,True
136,6.7,3.7,9.2,4.2,0.2,2.85,False,False,True
137,5.6,2.9,9.7,1.1,4.7,2.86,False,True,False
138,7.9,3.4,5.7,4.8,2.2,3.15,True,False,False
139,6.0,0.7,5.8,4.9,6.6,2.96,True,False,False
140,6.8,3.5,7.0,4.9,1.8,3.44,False,False,True
141,7.2,1.5,7.3,1.8,6.2,3.08,False,False,True
142,6.2,3.6,6.9,3.3,4.0,3.27,False,False,True
143,9.5,2.5,5.6,5.6,0.8,3.13,True,False,False
144,5.7,3.2,8.1,3.2,3.8,3.08,False,True,False
145,9.5,3.2,5.8,1.7,3.8,3.59,True,False,False
146,5.2,2.3,8.8,5.3,2.4,2.61,False,True,False
147,6.7,3.3,5.6,5.1,3.3,2.95,True,False,False
148,9.0,0.6,6.1,4.3,4.0,3.15,True,False,False
149,8.6,2.6,8.5,2.3,2.0,3.14,True,False,False
150,5.9,3.6,7.9,2.4,4.2,2.64,False,True,False
151,7.3,3.8,5.8,3.5,3.6,3.58,True,False,False
152,5.1,3.5,9.7,3.2,2.5,2.79,False,True,False
153,8.5,3.7,8.5,0.5,2.8,3.65,True,False,False
154,7.1,2.9,9.7,4.0,0.3,3.33,False,False,True
155,7.3,0.5,9.9,5.0,1.3,3.11,False,False,True
156,8.0,1.6,5.3,2.0,7.1,3.42,True,False,False
157,9.0,0.0,6.7,2.4,5.9,3.51,True,False,False
158,6.7,1.4,8.7,2.7,4.5,3.02,False,False,True
159,6.1,1.8,5.7,1.1,9.3,2.38,True,False,False
160,9.6,1.4,7.9,3.2,1.9,3.43,True,False,False
161,5.1,2.7,5.9,5.8,4.5,2.71,True,False,False
162,5.4,4.0,7.5,3.6,3.5,2.59,False,True,False
163,5.3,3.0,6.0,5.4,4.3,2.68,False,True,False
164,5.2,1.9,7.8,0.4,8.7,2.67,False,True,False
165,8.9,1.8,7.6,2.5,3.2,3.58,True,False,False
166,5.8,0.7,9.3,5.7,2.5,2.46,False,True,False
167,6.9,1.1,8.2,2.5,5.3,3.22,False,False,True
168,5.1,0.9,6.2,4.0,7.8,3.02,False,True,False
169,5.1,0.4,9.0,1.1,8.4,2.52,False,True,False
170,5.5,1.0,8.6,5.1,3.8,2.97,False,True,False
171,9.2,1.6,8.3,1.0,3.9,3.5,True,False,False
172,5.1,0.3,6.0,0.2,12.4,2.7,False,True,False
173,5.9,2.3,7.1,5.4,3.3,2.78,False,True,False
174,6.3,1.5,8.0,1.6,6.6,3.15,False,False,True
175,8.1,1.6,7.8,2.6,3.9,3.26,True,False,False
176,8.8,0.6,9.3,2.6,2.7,3.3,True,False,False
177,9.5,3.2,7.1,0.1,4.1,3.49,True,False,False
178,8.2,1.0,5.7,5.0,4.1,2.89,True,False,False
179,9.9,2.1,5.9,1.6,4.5,3.52,True,False,False
180,6.4,2.2,8.3,5.0,2.1,2.76,False,False,True
181,6.0,0.0,5.7,5.4,6.9,2.95,True,False,False
182,8.0,2.7,5.9,5.5,1.9,3.4,True,False,False
183,7.1,1.5,7.6,0.3,7.5,3.17,False,False,True
184,5.4,2.4,6.2,2.3,7.7,2.66,False,True,False
185,6.4,1.4,8.6,1.8,5.8,2.77,False,False,True
186,8.3,3.7,8.7,0.7,2.6,3.77,True,False,False
187,5.2,1.0,8.0,0.3,9.5,3.29,False,True,False
188,6.7,3.1,5.5,0.5,8.2,2.99,True,False,False
189,8.6,2.0,8.4,2.2,2.8,3.43,True,False,False
190,9.0,2.8,6.4,3.4,2.4,3.24,True,False,False
191,6.8,0.4,9.6,0.8,6.4,3.01,False,False,True
192,5.9,2.2,9.4,4.4,2.1,3.01,False,True,False
193,9.0,2.6,8.5,3.3,0.6,3.34,True,False,False
194,6.1,4.0,9.7,0.2,4.0,2.58,False,False,True
195,8.5,3.7,5.9,3.4,2.5,3.06,True,False,False
196,9.6,3.9,9.7,0.4,0.4,3.65,True,False,False
197,9.3,3.4,6.6,3.9,0.8,3.41,True,False,False
198,6.2,0.5,5.4,4.2,7.7,2.84,True,False,False
199,6.7,2.9,5.3,1.9,7.2,3.29,True,False,False
200,6.6,2.5,9.4,3.4,2.1,3.03,False,False,True
201,6.2,0.1,9.4,0.1,8.2,2.95,False,False,True
202,9.7,3.2,10.0,0.4,0.7,3.67,True,False,False
203,8.8,1.6,7.4,3.8,2.4,3.23,True,False,False
204,7.1,3.0,6.2,0.7,7.0,3.36,False,False,True
205,6.8,1.1,6.5,1.4,8.2,3.01,False,False,True
206,6.9,2.7,6.1,5.7,2.6,3.08,False,False,True
207,8.9,0.4,7.1,5.3,2.3,3.33,True,False,False
208,8.1,0.7,10.0,1.2,4.0,3.35,True,False,False
209,9.7,2.6,8.0,1.9,1.8,3.33,True,False,False
210,6.1,0.7,8.9,2.1,6.2,2.81,False,False,True
211,5.3,3.9,9.4,5.0,0.4,3.08,False,True,False
212,8.5,0.6,9.1,1.3,4.5,3.16,True,False,False
213,6.1,2.1,8.0,3.5,4.3,2.79,False,False,True
214,9.4,3.8,9.3,1.2,0.3,3.33,True,False,False
215,8.3,2.2,5.4,2.5,5.6,2.97,True,False,False
216,8.6,2.0,5.4,1.3,6.7,3.14,True,False,False
217,8.4,0.3,9.3,3.0,3.0,3.77,True,False,False
218,9.1,1.4,8.4,2.9,2.2,3.26,True,False,False
219,6.3,3.5,9.0,3.4,1.8,3.11,False,False,True
220,8.5,2.7,8.1,3.5,1.2,3.38,True,False,False
221,5.8,3.5,9.4,0.2,5.1,2.84,False,True,False
222,6.7,3.0,5.8,4.9,3.6,3.03,True,False,False
223,9.2,2.0,5.0,1.7,6.1,3.42,True,False,False
224,8.2,1.0,8.2,3.2,3.4,3.24,True,False,False
225,8.9,0.4,8.8,3.2,2.7,3.32,True,False,False
226,8.2,3.7,5.5,5.6,1.0,3.29,True,False,False
227,8.4,0.3,6.5,4.2,4.6,3.29,True,False,False
228,6.7,2.5,5.2,5.2,4.4,2.86,True,False,False
229,9.9,3.9,8.7,0.2,1.3,3.8,True,False,False
230,8.4,1.8,6.4,6.0,1.4,3.25,True,False,False
231,7.1,1.8,5.8,4.8,4.5,2.86,True,False,False
232,5.4,2.7,8.3,1.6,6.0,2.95,False,True,False
233,9.8,0.6,7.2,5.7,0.7,3.84,True,False,False
234,7.0,1.1,9.9,2.5,3.5,2.84,False,False,True
235,9.5,0.9,6.1,0.2,7.3,3.17,True,False,False
236,9.3,1.9,9.8,0.6,2.4,3.68,True,False,False
237,9.3,3.1,8.9,2.3,0.4,3.52,True,False,False
238,5.7,0.1,9.6,3.7,4.9,3.12,False,True,False
239,9.0,1.9,5.6,0.8,6.7,3.21,True,False,False
240,6.0,2.0,5.3,3.5,7.2,3.26,True,False,False
241,6.3,3.2,6.6,2.7,5.2,2.85,False,False,True
242,8.0,1.2,8.5,5.2,1.1,2.72,False,False,True
243,8.9,0.2,7.4,0.6,6.9,3.33,True,False,False
244,8.1,2.8,7.8,0.1,5.2,2.98,True,False,False
245,6.6,2.1,5.4,2.1,7.8,2.79,True,False,False
246,7.8,2.8,9.0,0.9,3.5,3.11,False,False,True
247,5.8,0.4,8.2,4.2,5.4,2.88,False,True,False
248,8.5,3.5,8.6,2.7,0.7,3.15,True,False,False
249,6.7,3.3,5.4,5.4,3.2,3.27,True,False,False
250,7.3,2.6,7.6,4.4,2.1,3.13,False,False,True
251,5.4,0.2,6.2,1.0,11.2,2.75,False,True,False
252,9.9,1.3,5.9,4.7,2.2,3.57,True,False,False
253,8.3,2.0,7.8,4.2,1.7,3.25,True,False,False
254,6.0,2.7,5.4,0.2,9.7,2.92,True,False,False
255,6.3,1.9,9.3,4.4,2.1,2.85,False,False,True
256,6.7,1.5,9.9,0.2,5.7,3.32,False,False,True
257,9.3,2.3,7.2,3.8,1.4,3.61,True,False,False
258,9.5,1.7,6.4,3.6,2.8,3.42,True,False,False
259,9.6,0.8,8.1,3.5,2.0,3.31,True,False,False
260,8.6,3.6,5.9,1.4,4.5,3.37,True,False,False
261,9.9,0.7,9.3,2.0,2.1,3.59,True,False,False
262,7.2,2.1,6.8,3.6,4.3,3.01,False,False,True
263,5.8,1.6,9.8,1.5,5.3,2.61,False,True,False
264,8.9,0.5,9.8,2.2,2.6,3.57,True,False,False
265,6.2,0.3,5.8,3.1,8.6,3.13,True,False,False
266,7.2,1.0,8.1,4.2,3.5,2.98,False,False,True
267,5.8,0.7,5.2,4.4,7.9,2.81,True,False,False
268,9.2,3.2,7.9,3.2,0.5,3.8,True,False,False
269,6.0,0.4,6.3,0.3,11.0,3.05,False,False,True
270,5.2,0.5,7.3,5.6,5.4,2.79,False,True,False
271,6.6,2.0,5.2,0.9,9.3,3.17,True,False,False
272,7.3,2.1,7.4,4.0,3.2,3.16,False,False,True
273,5.7,0.1,6.5,4.2,7.5,2.98,False,True,False
274,9.8,0.4,8.4,2.4,3.0,3.26,True,False,False
275,9.3,0.7,8.5,4.6,0.9,3.43,True,False,False
276,7.5,2.5,9.3,2.7,2.0,3.2,False,False,True
277,5.2,3.7,8.4,4.1,2.6,2.91,False,True,False
278,7.0,2.6,5.5,3.9,5.0,2.82,True,False,False
279,10.0,0.2,9.9,1.6,2.3,3.56,True,False,False
280,7.8,3.0,9.4,1.5,2.3,3.25,False,False,True
281,6.6,2.7,9.0,4.3,1.4,2.93,False,False,True
282,9.1,0.5,7.7,0.0,6.7,3.64,True,False,False
283,6.6,1.5,7.0,4.2,4.7,2.79,False,False,True
284,6.2,1.5,6.1,0.4,9.8,2.5,False,False,True
285,8.0,2.7,8.1,2.4,2.8,3.4,False,False,True
286,7.6,1.9,5.1,2.0,7.4,3.08,True,False,False
287,6.9,1.6,7.9,3.2,4.4,3.31,False,False,True
288,9.1,2.9,9.8,0.0,2.2,3.48,True,False,False
289,6.0,0.0,8.2,5.4,4.4,2.92,False,False,True
290,5.3,3.7,6.8,0.6,7.6,2.78,False,True,False
291,7.4,1.0,6.4,1.8,7.4,3.15,False,False,True
292,6.6,2.4,8.6,1.6,4.8,3.27,False,False,True
293,7.1,0.5,5.9,4.1,6.4,3.09,True,False,False
294,8.5,0.4,7.8,1.5,5.8,3.01,True,False,False
295,9.8,1.9,9.0,1.8,1.5,3.5,True,False,False
296,9.8,2.4,9.1,2.4,0.3,3.38,True,False,False
297,6.1,0.8,8.1,2.5,6.5,2.67,False,False,True
298,8.9,1.1,9.1,2.1,2.8,3.2,True,False,False
299,8.3,0.4,8.1,2.7,4.5,3.01,True,False,False
300,8.7,3.5,6.1,0.5,5.2,3.37,True,False,False
301,5.1,2.6,8.0,3.3,5.0,2.65,False,True,False
302,8.0,2.0,9.9,0.6,3.5,2.93,False,False,True
303,8.5,1.6,7.1,4.3,2.5,3.39,True,False,False
304,6.4,0.3,5.4,5.4,6.5,3.29,True,False,False
305,6.0,1.3,6.1,2.1,8.5,2.91,False,False,True
306,5.3,3.2,6.2,3.2,6.1,2.64,False,True,False
307,9.4,2.6,7.7,1.4,2.9,3.66,True,False,False
308,10.0,2.6,7.8,2.6,1.0,3.26,True,False,False
309,7.3,0.2,7.8,5.7,3.0,3.2,False,False,True
310,6.0,2.1,5.5,2.7,7.7,2.72,True,False,False
311,8.8,1.4,8.3,4.4,1.1,3.1,True,False,False
312,10.0,3.7,7.7,2.2,0.4,3.44,True,False,False
313,7.6,2.5,5.4,4.5,4.0,3.17,True,False,False
314,8.9,2.8,5.2,1.8,5.3,3.3,True,False,False
315,6.3,1.4,5.4,5.6,5.3,2.58,True,False,False
316,7.0,1.8,8.0,3.1,4.1,3.15,False,False,True
317,9.6,2.0,10.0,2.0,0.4,3.46,True,False,False
318,6.9,3.5,9.3,3.5,0.8,3.02,False,False,True
319,9.0,1.2,5.4,2.4,6.0,3.46,True,False,False
320,6.7,3.9,8.2,4.3,0.9,2.83,False,False,True
321,5.7,3.4,9.6,2.6,2.7,3.13,False,True,False
322,5.9,2.0,7.0,0.9,8.2,3.0,False,True,False
323,6.8,0.3,5.1,0.8,11.0,3.03,True,False,False
324,9.8,1.7,6.6,3.0,2.9,3.58,True,False,False
325,7.2,0.4,8.2,1.3,6.9,3.39,False,False,True
326,5.8,0.2,8.9,2.8,6.3,3.11,False,True,False
327,5.3,4.0,5.3,4.2,5.2,2.67,True,False,False
328,8.5,0.2,7.5,6.0,1.8,3.21,True,False,False
329,9.1,2.5,6.5,3.7,2.2,2.85,True,False,False
330,5.7,3.5,7.2,1.2,6.4,3.04,False,True,False
331,6.8,1.7,9.1,4.4,2.0,2.9,False,False,True
332,5.1,1.0,8.8,0.8,8.3,2.25,False,True,False
333,7.7,0.9,5.1,1.4,8.9,3.15,True,False,False
334,5.5,2.2,7.3,5.1,3.9,2.94,False,True,False
335,5.5,2.0,5.8,1.9,8.8,2.79,True,False,False
336,6.9,1.6,7.3,4.7,3.5,3.38,False,False,True
337,9.5,3.8,8.9,0.6,1.2,3.3,True,False,False
338,6.3,3.4,5.2,5.4,3.7,3.31,True,False,False
339,7.3,2.5,8.3,5.3,0.6,3.36,False,False,True
340,5.3,2.1,5.8,4.4,6.4,3.11,True,False,False
341,7.6,2.7,5.2,0.5,8.0,3.07,True,False,False
342,5.4,0.0,9.8,4.4,4.4,2.85,False,True,False
343,6.8,1.2,6.7,4.6,4.7,2.81,False,False,True
344,5.9,0.4,8.3,4.6,4.8,2.99,False,True,False
345,6.3,0.1,5.4,5.8,6.4,3.14,True,False,False
346,8.1,1.5,6.0,0.7,7.7,3.06,True,False,False
347,8.1,3.1,8.2,2.4,2.2,3.09,True,False,False
348,9.9,2.4,7.9,2.8,1.0,3.67,True,False,False
349,9.1,2.6,5.6,2.0,4.7,3.16,True,False,False
350,7.2,2.5,9.7,1.1,3.5,2.69,False,False,True
351,5.6,0.8,9.4,3.9,4.3,3.01,False,True,False
352,9.3,3.4,9.6,0.4,1.3,3.28,True,False,False
353,8.8,1.8,9.2,3.1,1.1,3.45,True,False,False
354,5.9,2.2,9.9,5.6,0.4,3.12,False,True,False
355,5.2,0.7,5.7,4.4,8.0,2.67,True,False,False
356,7.5,3.4,8.7,2.4,2.0,3.24,False,False,True
357,8.0,2.0,6.5,3.4,4.1,3.35,False,False,True
358,8.2,3.0,5.8,2.8,4.2,3.31,True,False,False
359,5.0,1.0,8.6,6.0,3.4,2.71,False,True,False
360,9.0,0.8,7.8,4.4,2.0,3.18,True,False,False
361,8.1,0.8,6.8,4.7,3.6,3.19,True,False,False
362,8.8,0.1,8.7,1.2,5.2,3.32,True,False,False
363,9.8,1.5,6.6,0.9,5.2,3.61,True,False,False
364,10.0,1.5,7.2,3.8,1.5,3.43,True,False,False
365,9.4,2.4,7.0,2.1,3.1,3.1,True,False,False
366,9.0,0.4,7.9,2.9,3.8,3.6,True,False,False
367,8.2,0.3,7.9,3.4,4.2,3.64,True,False,False
368,8.4,3.2,6.3,5.0,1.1,3.5,True,False,False
369,7.5,0.3,5.3,2.0,8.9,3.26,True,False,False
370,8.9,2.1,7.2,0.9,4.9,3.53,True,False,False
371,6.6,1.7,5.4,1.3,9.0,3.29,True,False,False
372,10.0,3.7,8.2,0.9,1.2,3.63,True,False,False
373,8.2,3.1,5.6,2.5,4.6,3.16,True,False,False
374,7.9,2.4,5.9,2.2,5.6,3.4,True,False,False
375,6.7,0.1,5.1,5.0,7.1,3.03,True,False,False
376,6.5,3.8,6.3,2.6,4.8,2.62,False,False,True
377,9.4,3.4,5.9,4.3,1.0,3.18,True,False,False
378,5.7,0.3,8.6,3.0,6.4,2.28,False,True,False
379,7.2,2.9,8.8,0.8,4.3,2.88,False,False,True
380,8.8,2.6,9.8,0.2,2.6,3.38,True,False,False
381,5.3,1.1,6.3,1.5,9.8,2.75,False,True,False
382,6.4,3.0,7.2,4.7,2.7,3.03,False,False,True
383,5.3,2.0,5.2,0.4,11.1,2.31,True,False,False
384,6.7,3.6,5.1,4.0,4.6,3.18,True,False,False
385,9.8,2.2,9.7,0.1,2.2,3.16,True,False,False
386,8.7,3.9,6.3,3.3,1.8,3.2,True,False,False
387,6.0,2.3,7.3,5.8,2.6,2.58,False,False,True
388,5.6,0.6,6.1,1.5,10.2,3.07,False,True,False
389,9.3,2.2,7.6,0.6,4.3,3.48,True,False,False
390,5.3,2.8,7.7,0.5,7.7,2.93,False,True,False
391,7.3,1.9,5.8,5.7,3.3,3.18,True,False,False
392,7.3,1.6,8.3,3.3,3.5,3.28,False,False,True
393,5.3,2.1,9.0,2.8,4.8,2.67,False,True,False
394,5.8,1.3,8.8,3.1,5.0,2.71,False,True,False
395,6.0,3.5,9.4,4.4,0.7,2.84,False,False,True
396,9.9,3.1,5.1,0.4,5.5,3.17,True,False,False
397,7.3,3.6,7.7,2.7,2.7,3.15,False,False,True
398,9.1,1.5,8.9,4.3,0.2,3.21,True,False,False
399,6.0,2.1,6.4,4.8,4.7,3.27,False,False,True
400,9.0,1.6,9.6,2.0,1.8,3.57,True,False,False
401,5.8,2.8,9.0,1.9,4.5,2.8,False,True,False
402,5.9,3.6,8.3,0.9,5.3,2.8,False,True,False
403,7.2,2.5,5.4,5.3,3.6,3.08,True,False,False
404,9.8,1.7,9.9,1.7,0.9,3.75,True,False,False
405,8.2,0.7,9.4,2.4,3.3,3.47,True,False,False
406,8.6,3.6,5.4,4.4,2.0,3.81,True,False,False
407,5.9,3.4,9.1,3.0,2.6,2.68,False,True,False
408,7.4,3.3,7.3,2.1,3.9,3.34,False,False,True
409,7.5,3.3,6.7,1.0,5.5,3.29,False,False,True
410,5.5,1.0,5.7,2.1,9.7,2.93,True,False,False
411,7.3,3.0,8.3,3.4,2.0,3.29,False,False,True
412,7.4,3.9,8.2,0.6,3.9,3.02,False,False,True
413,8.4,1.3,8.4,0.4,5.5,3.32,True,False,False
414,6.1,3.3,6.4,3.9,4.3,2.86,False,False,True
415,8.5,2.1,6.5,1.3,5.6,3.38,True,False,False
416,9.4,3.1,8.9,1.7,0.9,3.45,True,False,False
417,6.3,3.6,8.4,3.2,2.5,2.92,False,False,True
418,7.3,3.5,7.7,2.1,3.4,2.9,False,False,True
419,9.9,0.4,7.1,0.3,6.3,3.55,True,False,False
420,6.4,3.4,6.5,5.5,2.2,3.0,False,False,True
421,8.8,3.2,5.1,5.8,1.1,3.13,True,False,False
422,9.1,1.1,9.4,0.5,3.9,3.58,True,False,False
423,8.5,2.2,5.5,1.5,6.3,3.27,True,False,False
424,6.5,2.4,6.5,1.8,6.8,2.91,False,False,True
425,8.7,0.2,9.5,4.8,0.8,3.5,True,False,False
426,9.5,0.7,5.4,1.4,7.0,3.77,True,False,False
427,9.0,0.1,7.9,6.0,1.0,3.36,True,False,False
428,5.3,3.3,8.0,0.7,6.7,3.03,False,True,False
429,5.5,3.6,8.3,5.0,1.6,2.86,False,True,False
430,7.6,1.7,6.6,2.6,5.5,3.34,False,False,True
431,8.9,2.4,9.5,1.4,1.8,3.66,True,False,False
432,8.0,2.8,6.2,3.1,3.9,3.46,False,False,True
433,5.5,1.5,7.4,3.9,5.7,2.85,False,True,False
434,8.7,2.0,8.2,0.4,4.7,3.42,True,False,False
435,6.3,1.4,7.4,0.3,8.6,2.86,False,False,True
436,9.9,1.3,7.4,1.1,4.3,3.35,True,False,False
437,8.1,1.1,6.0,3.1,5.7,3.15,True,False,False
438,9.0,2.3,7.6,1.5,3.6,3.2,True,False,False
439,9.7,1.6,5.4,3.7,3.6,3.39,True,False,False
440,7.5,3.5,7.5,3.9,1.6,2.97,False,False,True
441,10.0,0.5,6.4,2.4,4.7,3.14,True,False,False
442,9.5,2.9,8.0,1.1,2.5,3.11,True,False,False
443,9.1,3.8,9.1,0.0,2.0,3.27,True,False,False
444,6.3,0.2,8.0,4.1,5.4,2.97,False,False,True
445,5.6,1.5,7.3,2.2,7.4,2.8,False,True,False
446,8.8,0.3,5.4,2.1,7.4,3.12,True,False,False
447,9.7,2.7,8.4,1.2,2.0,3.44,True,False,False
448,8.2,3.7,8.1,3.5,0.5,3.23,True,False,False
449,8.6,0.5,9.5,0.4,5.0,3.06,True,False,False
450,5.1,1.7,6.5,2.9,7.8,2.79,False,True,False
451,7.9,0.2,5.6,3.4,6.9,3.44,True,False,False
452,8.3,3.4,8.5,1.6,2.2,3.07,True,False,False
453,8.4,1.1,6.5,4.7,3.3,3.54,True,False,False
454,9.1,3.4,9.6,0.8,1.1,3.31,True,False,False
455,6.6,2.3,6.9,3.6,4.6,3.2,False,False,True
456,6.9,0.7,7.2,0.9,8.3,3.26,False,False,True
457,9.5,1.4,5.8,0.2,7.1,3.69,True,False,False
458,6.7,0.3,7.0,1.9,8.1,3.28,False,False,True
459,8.4,2.4,6.8,1.3,5.1,3.25,True,False,False
460,8.4,0.6,7.4,0.2,7.4,3.32,True,False,False
461,7.5,3.9,6.9,0.2,5.5,3.11,False,False,True
462,5.8,0.1,8.8,2.8,6.5,2.8,False,True,False
463,6.4,3.6,5.6,5.7,2.7,3.1,True,False,False
464,8.0,3.3,9.9,0.8,2.0,3.13,False,False,True
465,9.8,1.6,6.9,1.9,3.8,3.23,True,False,False
466,7.8,2.2,8.8,4.3,0.9,3.2,False,False,True
467,7.2,1.2,6.3,1.2,8.1,3.05,False,False,True
468,6.4,3.9,7.8,2.0,3.9,2.87,False,False,True
469,7.9,0.6,7.2,3.8,4.5,2.68,False,False,True
470,10.0,3.5,8.1,1.4,1.0,3.44,True,False,False
471,8.1,0.8,7.0,0.2,7.9,3.74,True,False,False
472,6.1,3.9,9.5,3.2,1.3,2.61,False,False,True
473,7.7,3.5,5.7,4.7,2.4,3.21,True,False,False
474,6.4,3.5,9.7,0.7,3.7,2.89,False,False,True
475,7.3,3.9,7.4,4.7,0.7,2.74,False,False,True
476,6.4,0.8,8.8,2.3,5.7,3.21,False,False,True
477,7.6,2.0,7.9,5.2,1.3,3.13,False,False,True
478,9.1,3.1,7.9,3.7,0.2,3.42,True,False,False
479,6.0,0.4,9.3,2.6,5.7,3.02,False,False,True
480,8.1,3.7,5.1,2.9,4.2,2.63,True,False,False
481,8.4,2.9,8.5,0.6,3.6,3.07,True,False,False
482,9.0,1.1,6.1,5.7,2.1,3.07,True,False,False
483,5.0,4.0,8.4,5.0,1.6,2.9,False,True,False
484,8.7,0.6,8.8,4.5,1.4,3.41,True,False,False
485,8.3,3.1,9.2,2.1,1.3,3.24,True,False,False
486,5.4,1.6,7.0,0.4,9.6,2.63,False,True,False
487,6.7,0.4,9.0,5.7,2.2,2.63,False,False,True
488,5.4,2.0,9.0,4.2,3.4,2.85,False,True,False
489,5.3,0.3,7.0,1.8,9.6,2.64,False,True,False
490,9.0,3.7,7.0,3.9,0.4,3.16,True,False,False
491,6.6,1.9,6.1,3.8,5.6,3.0,False,False,True
492,6.8,2.6,5.6,5.3,3.7,3.08,True,False,False
493,7.5,1.8,7.9,3.7,3.1,3.17,False,False,True
494,6.2,2.9,9.1,4.7,1.1,2.83,False,False,True
495,7.8,2.1,5.7,4.7,3.7,3.16,True,False,False
496,6.4,0.5,8.1,0.3,8.7,2.61,False,False,True
497,8.7,1.3,5.0,3.1,5.9,3.24,True,False,False
498,9.2,0.0,6.2,4.4,4.2,3.41,True,False,False
499,6.6,0.4,6.8,1.6,8.6,2.89,False,False,True
500,8.9,3.6,7.2,3.9,0.4,3.51,True,False,False
501,6.9,3.9,5.4,4.1,3.7,2.55,True,False,False
502,8.2,2.8,5.0,1.0,7.0,3.2,True,False,False
503,8.6,2.7,9.8,2.2,0.7,3.31,True,False,False
504,6.5,0.4,8.9,3.9,4.3,3.01,False,False,True
505,5.2,1.4,9.8,3.0,4.6,2.49,False,True,False
506,6.0,1.5,6.8,0.3,9.4,2.44,False,False,True
507,8.8,1.7,9.1,3.7,0.7,3.44,True,False,False
508,7.4,3.5,6.1,4.1,2.9,2.88,False,False,True
509,8.0,1.2,5.7,3.9,5.2,3.03,True,False,False
510,8.2,1.6,8.6,1.1,4.5,3.46,True,False,False
511,9.5,1.1,6.8,0.3,6.3,3.43,True,False,False
512,6.3,3.3,5.1,2.3,7.0,2.74,True,False,False
513,6.7,0.1,5.6,2.5,9.1,2.49,True,False,False
514,7.7,2.4,5.0,2.8,6.1,3.12,True,False,False
515,9.8,2.1,8.4,1.2,2.5,3.61,True,False,False
516,7.6,3.9,5.6,0.1,6.8,3.28,True,False,False
517,8.9,3.2,5.6,1.6,4.7,3.36,True,False,False
518,6.7,1.5,5.0,1.8,9.0,3.31,True,False,False
519,8.2,3.9,9.2,0.1,2.6,3.26,True,False,False
520,8.9,1.8,7.0,1.8,4.5,3.38,True,False,False
521,5.3,0.9,6.2,2.9,8.7,2.76,False,True,False
522,5.3,3.8,9.7,4.1,1.1,3.13,False,True,False
523,10.0,2.2,9.8,0.2,1.8,3.25,True,False,False
524,6.0,0.6,8.1,4.7,4.6,2.78,False,False,True
525,7.9,0.6,9.1,3.8,2.6,3.5,False,False,True
526,6.3,1.4,9.6,1.7,5.0,2.74,False,False,True
527,7.3,3.6,8.5,0.3,4.3,2.93,False,False,True
528,5.7,3.8,7.6,1.5,5.4,3.27,False,True,False
529,7.5,2.7,5.4,1.6,6.8,3.09,True,False,False
530,7.7,1.7,5.2,1.0,8.4,3.43,True,False,False
531,7.2,0.8,5.2,5.1,5.7,2.99,True,False,False
532,9.8,0.8,9.8,3.6,0.0,3.59,True,False,False
533,8.6,3.9,7.8,1.0,2.7,3.69,True,False,False
534,5.4,2.5,9.9,1.1,5.1,2.54,False,True,False
535,9.0,3.6,9.7,1.6,0.1,3.44,True,False,False
536,8.8,0.6,7.4,4.3,2.9,3.32,True,False,False
537,6.2,2.6,8.3,1.0,5.9,3.23,False,False,True
538,7.5,0.0,5.0,2.1,9.4,3.2,True,False,False
539,9.6,0.9,8.2,1.2,4.1,3.62,True,False,False
540,8.6,0.4,7.1,0.2,7.7,3.2,True,False,False
541,7.4,2.6,5.6,1.7,6.7,3.26,True,False,False
542,10.0,0.2,8.8,1.9,3.1,3.46,True,False,False
543,7.0,3.0,9.6,4.2,0.2,2.68,False,False,True
544,8.9,1.0,7.8,2.2,4.1,3.54,True,False,False
545,8.3,1.0,6.0,5.5,3.2,3.25,True,False,False
546,6.1,0.2,5.2,1.1,11.4,2.72,True,False,False
547,9.3,1.1,9.8,2.2,1.6,3.79,True,False,False
548,7.6,3.0,6.4,2.1,4.9,2.83,False,False,True
549,9.5,3.8,9.5,0.5,0.7,3.4,True,False,False
550,7.5,0.8,8.0,1.1,6.6,3.43,False,False,True
551,6.7,3.4,6.0,0.4,7.5,2.48,False,False,True
552,9.1,3.3,6.7,3.4,1.5,3.4,True,False,False
553,8.9,2.6,5.8,5.3,1.4,2.98,True,False,False
554,7.1,0.2,5.6,4.6,6.5,3.13,True,False,False
555,5.0,1.7,7.6,0.3,9.4,2.53,False,True,False
556,6.2,0.0,8.6,5.8,3.4,2.71,False,False,True
557,6.1,2.7,8.7,5.1,1.4,2.57,False,False,True
558,6.6,2.9,9.1,1.0,4.4,2.85,False,False,True
559,6.9,3.6,9.0,4.4,0.1,2.92,False,False,True
560,8.0,2.6,5.4,3.3,4.7,3.48,True,False,False
561,8.5,0.7,8.9,3.4,2.5,3.41,True,False,False
562,6.5,2.9,8.8,0.6,5.2,2.67,False,False,True
563,7.6,2.0,6.8,5.6,2.0,3.25,False,False,True
564,8.6,1.8,9.6,2.8,1.2,3.47,True,False,False
565,8.6,3.4,6.4,4.5,1.1,3.18,True,False,False
566,6.7,3.9,9.3,2.9,1.2,2.78,False,False,True
567,8.6,2.2,9.7,1.7,1.8,3.07,True,False,False
568,8.9,2.9,6.9,0.1,5.2,3.26,True,False,False
569,9.2,0.0,8.5,5.8,0.5,3.08,True,False,False
570,8.5,3.3,7.7,4.4,0.1,3.2,True,False,False
571,5.3,2.0,8.6,5.2,2.9,2.89,False,True,False
572,7.8,1.6,5.7,5.2,3.7,3.06,True,False,False
573,5.8,1.2,6.5,5.2,5.3,3.08,False,True,False
574,6.3,2.5,7.9,5.0,2.3,3.07,False,False,True
575,9.5,0.0,8.4,0.3,5.8,3.07,True,False,False
576,6.5,1.4,8.1,2.0,6.0,3.06,False,False,True
577,8.7,1.6,5.3,4.7,3.7,3.2,True,False,False
578,8.4,1.3,5.3,2.2,6.8,2.92,True,False,False
579,9.7,2.6,8.4,2.1,1.2,3.38,True,False,False
580,8.8,0.4,6.4,1.7,6.7,3.05,True,False,False
581,7.2,3.9,5.3,3.1,4.5,3.03,True,False,False
582,8.7,2.8,7.1,1.9,3.5,3.12,True,False,False
583,7.0,1.1,6.0,2.9,7.0,2.87,False,False,True
584,8.3,3.9,8.0,0.3,3.5,3.04,True,False,False
585,5.4,3.8,6.5,0.6,7.7,3.14,False,True,False
586,8.2,1.1,5.1,5.8,3.8,3.5,True,False,False
587,6.3,2.7,8.5,3.7,2.8,2.72,False,False,True
588,8.0,3.5,9.7,0.3,2.5,3.02,False,False,True
589,5.8,3.8,8.7,5.0,0.7,2.95,False,True,False
590,8.5,2.7,7.0,0.1,5.7,3.01,True,False,False
591,7.9,1.0,7.3,5.7,2.1,3.41,False,False,True
592,5.9,2.7,9.9,0.6,4.9,2.82,False,True,False
593,5.0,1.7,5.5,4.5,7.3,2.72,True,False,False
594,6.3,1.7,8.6,0.1,7.3,3.11,False,False,True
595,7.9,2.5,8.2,1.3,4.1,3.08,False,False,True
596,6.0,3.5,8.7,0.1,5.7,2.95,False,False,True
597,6.2,0.9,6.4,1.5,9.0,2.92,False,False,True
598,8.7,2.4,8.4,0.4,4.1,3.16,True,False,False
599,9.8,3.4,9.0,1.5,0.3,3.49,True,False,False
600,6.0,2.5,8.7,4.4,2.4,3.05,False,False,True
601,7.6,0.3,6.9,5.5,3.7,3.35,False,False,True
602,6.3,1.5,9.5,4.0,2.7,3.42,False,False,True
603,8.9,1.8,8.2,1.3,3.8,3.21,True,False,False
604,7.2,2.6,9.7,0.3,4.2,3.42,False,False,True
605,9.1,1.2,7.2,0.1,6.4,3.37,True,False,False
606,5.3,2.0,9.6,0.6,6.5,2.41,False,True,False
607,8.8,1.6,8.3,1.4,3.9,3.26,True,False,False
608,5.4,0.7,8.3,5.3,4.3,2.75,False,True,False
609,9.1,2.7,5.6,1.7,4.9,3.15,True,False,False
610,7.6,2.1,6.8,2.1,5.4,2.97,False,False,True
611,9.1,3.2,6.5,4.8,0.4,3.34,True,False,False
612,6.8,2.0,9.7,4.8,0.7,3.09,False,False,True
613,5.5,1.6,7.8,3.0,6.1,2.9,False,True,False
614,8.4,3.4,9.3,2.2,0.7,3.2,True,False,False
615,7.2,2.4,5.8,4.0,4.6,3.19,True,False,False
616,6.1,0.5,5.8,0.0,11.6,2.73,True,False,False
617,8.6,2.9,7.6,0.8,4.1,3.15,True,False,False
618,5.5,0.9,7.6,3.6,6.4,2.57,False,True,False
619,6.2,0.2,7.0,1.4,9.2,3.13,False,False,True
620,7.1,1.7,7.7,4.2,3.3,3.48,False,False,True
621,8.5,0.7,7.5,2.5,4.8,3.34,True,False,False
622,7.7,0.5,8.0,0.7,7.1,3.34,False,False,True
623,6.7,0.6,8.5,1.2,7.0,3.18,False,False,True
624,6.0,2.0,7.1,0.1,8.8,2.85,False,False,True
625,9.0,0.3,7.4,3.4,3.9,3.64,True,False,False
626,6.3,0.0,8.6,3.2,5.9,3.14,False,False,True
627,9.2,3.3,9.2,1.1,1.2,3.6,True,False,False
628,7.3,0.7,9.3,5.3,1.4,2.97,False,False,True
629,7.3,0.3,6.9,4.8,4.7,3.09,False,False,True
630,5.3,3.5,6.9,3.3,5.0,2.81,False,True,False
631,9.8,0.3,8.2,0.4,5.3,3.71,True,False,False
632,7.2,4.0,7.8,1.6,3.4,2.98,False,False,True
633,6.1,1.4,6.9,0.4,9.2,2.79,False,False,True
634,8.6,2.6,8.5,0.0,4.3,2.85,True,False,False
635,6.1,2.6,7.4,0.0,7.9,3.03,False,False,True
636,7.7,0.3,8.8,3.5,3.7,3.29,False,False,True
637,8.9,3.0,9.0,1.6,1.5,3.42,True,False,False
638,8.1,3.0,5.8,1.2,5.9,3.04,True,False,False
639,9.5,3.0,9.5,1.5,0.5,3.76,True,False,False
640,9.4,2.3,8.2,0.6,3.5,3.62,True,False,False
641,7.4,2.9,6.4,1.2,6.1,2.89,False,False,True
642,6.1,1.7,9.5,3.0,3.7,2.76,False,False,True
643,5.9,0.3,8.5,2.3,7.0,2.99,False,True,False
644,9.0,1.1,8.5,1.4,4.0,3.56,True,False,False
645,9.7,2.5,6.6,1.4,3.8,3.57,True,False,False
646,6.1,2.4,6.3,4.0,5.2,2.73,False,False,True
647,9.1,3.1,8.8,0.6,2.4,3.42,True,False,False
648,6.8,1.7,5.2,1.6,8.7,2.91,True,False,False
649,5.2,3.5,6.2,3.3,5.8,2.8,False,True,False
650,6.6,3.6,9.4,1.4,3.0,2.94,False,False,True
651,9.5,4.0,9.1,1.2,0.2,3.52,True,False,False
652,5.3,0.4,10.0,2.0,6.3,2.49,False,True,False
653,8.7,3.2,9.3,2.8,0.0,3.1,True,False,False
654,5.1,1.4,8.9,3.4,5.2,2.72,False,True,False
655,6.6,2.6,6.2,0.1,8.5,3.11,False,False,True
656,8.8,0.2,9.2,3.6,2.2,3.59,True,False,False
657,7.8,2.5,9.3,2.6,1.8,3.2,False,False,True
658,8.8,1.8,8.5,1.9,3.0,3.32,True,False,False
659,6.1,2.4,9.6,5.5,0.4,2.99,False,False,True
660,6.1,4.0,9.9,2.6,1.4,2.49,False,False,True
661,9.0,2.9,8.0,0.2,3.9,3.74,True,False,False
662,8.4,1.5,9.7,0.7,3.7,3.16,True,False,False
663,7.5,2.8,8.5,3.4,1.8,2.98,False,False,True
664,8.2,2.4,5.9,4.2,3.3,3.13,True,False,False
665,7.3,2.7,9.2,0.8,4.0,3.41,False,False,True
666,9.2,3.2,9.8,1.0,0.8,3.55,True,False,False
667,7.4,1.6,5.8,3.4,5.8,3.19,True,False,False
668,7.9,2.4,6.8,0.3,6.6,3.14,False,False,True
669,5.2,1.7,5.4,3.6,8.1,2.55,True,False,False
670,9.3,3.5,6.0,3.8,1.4,3.52,True,False,False
671,6.4,3.2,10.0,0.1,4.3,3.01,False,False,True
672,9.9,1.9,9.2,0.2,2.8,3.65,True,False,False
673,6.7,0.3,9.9,4.9,2.2,2.96,False,False,True
674,5.4,0.8,6.1,2.8,8.9,2.66,False,True,False
675,6.3,0.4,5.8,0.9,10.6,2.93,True,False,False
676,6.4,3.2,6.6,1.8,6.0,3.06,False,False,True
677,6.2,0.5,6.3,2.1,8.9,2.84,False,False,True
678,6.1,3.2,5.7,2.1,6.9,2.95,True,False,False
679,9.3,0.6,5.4,2.9,5.8,3.51,True,False,False
680,9.0,0.5,7.9,3.0,3.6,2.99,True,False,False
681,5.7,2.5,6.4,2.9,6.5,2.84,False,True,False
682,6.5,3.3,5.3,2.5,6.4,2.81,True,False,False
683,7.3,2.9,7.9,3.9,2.0,3.19,False,False,True
684,6.6,2.2,9.2,5.9,0.1,3.06,False,False,True
685,9.4,1.5,6.0,2.9,4.2,3.4,True,False,False
686,7.4,3.4,6.8,5.2,1.2,3.45,False,False,True
687,7.0,1.3,7.3,4.6,3.8,3.0,False,False,True
688,9.8,0.7,7.8,3.3,2.4,3.41,True,False,False
689,7.4,2.6,6.1,3.3,4.6,3.41,False,False,True
690,5.7,2.3,5.9,1.7,8.4,2.62,True,False,False
691,6.1,0.7,9.1,1.7,6.4,2.69,False,False,True
692,6.9,3.2,6.8,0.5,6.6,3.08,False,False,True
693,7.8,3.4,9.0,0.7,3.1,2.95,False,False,True
694,6.1,3.5,6.2,1.6,6.6,3.05,False,False,True
695,5.0,3.5,9.0,3.8,2.7,2.62,False,True,False
696,7.3,1.4,5.5,2.9,6.9,3.19,True,False,False
697,9.6,0.2,6.5,1.2,6.5,3.5,True,False,False
698,7.3,1.9,8.8,0.9,5.1,3.06,False,False,True
699,7.4,1.7,8.0,6.0,0.9,3.0,False,False,True
700,9.1,0.7,5.2,1.2,7.8,3.64,True,False,False
701,6.7,2.0,8.1,5.5,1.7,3.11,False,False,True
702,5.3,0.1,7.8,2.6,8.2,3.58,False,True,False
703,9.2,0.6,5.1,2.7,6.4,3.27,True,False,False
704,8.0,1.1,5.9,2.3,6.7,3.27,True,False,False
705,9.0,1.6,8.8,0.6,4.0,3.2,True,False,False
706,8.4,2.3,9.6,1.4,2.3,3.41,True,False,False
707,5.3,0.1,9.1,3.1,6.4,2.65,False,True,False
708,6.7,0.1,9.8,4.0,3.4,3.15,False,False,True
709,9.7,1.1,8.1,3.5,1.6,3.63,True,False,False
710,9.7,3.5,8.7,0.6,1.5,3.36,True,False,False
711,6.4,3.9,5.1,4.3,4.3,3.14,True,False,False
712,10.0,1.2,6.7,0.5,5.6,3.79,True,False,False
713,7.2,1.0,6.7,5.0,4.1,3.21,False,False,True
714,5.3,0.4,5.8,3.6,8.9,2.76,True,False,False
715,5.8,3.9,7.2,3.0,4.1,2.83,False,True,False
716,8.3,3.0,8.8,2.3,1.6,2.92,True,False,False
717,9.5,3.3,8.8,0.1,2.3,3.24,True,False,False
718,7.0,3.5,9.5,3.6,0.4,3.4,False,False,True
719,6.6,2.8,6.4,1.1,7.1,2.88,False,False,True
720,7.1,3.3,5.6,4.4,3.6,2.85,True,False,False
721,7.7,1.2,7.5,1.8,5.8,2.88,False,False,True
722,5.8,0.5,7.7,5.4,4.6,3.27,False,True,False
723,6.7,2.9,8.3,5.6,0.5,3.06,False,False,True
724,8.3,3.6,7.0,1.7,3.4,3.5,True,False,False
725,5.1,3.3,9.0,0.6,6.0,2.54,False,True,False
726,5.6,3.9,6.1,0.4,8.0,3.32,False,True,False
727,8.0,3.0,5.2,4.0,3.8,3.01,True,False,False
728,5.9,2.3,6.5,5.6,3.7,2.9,False,True,False
729,9.1,3.9,6.3,4.6,0.1,2.98,True,False,False
730,5.3,0.2,8.5,2.7,7.3,2.62,False,True,False
731,6.1,2.5,6.3,3.5,5.6,3.13,False,False,True
732,9.1,1.9,6.8,2.2,4.0,3.27,True,False,False
733,9.0,1.3,6.0,0.5,7.2,3.05,True,False,False
734,9.2,0.9,6.9,4.9,2.1,2.81,True,False,False
735,9.1,1.5,7.3,1.8,4.3,3.4,True,False,False
736,7.7,0.1,7.4,2.4,6.4,3.24,False,False,True
737,5.8,2.6,9.9,3.2,2.5,2.8,False,True,False
738,7.1,0.5,8.1,5.6,2.7,3.1,False,False,True
739,8.3,0.3,6.8,3.3,5.3,3.48,True,False,False
740,9.1,2.4,6.9,1.4,4.2,3.3,True,False,False
741,5.5,1.4,7.1,4.1,5.9,2.71,False,True,False
742,7.0,0.7,5.8,5.0,5.5,3.09,True,False,False
743,5.2,1.7,5.8,5.3,6.0,2.48,True,False,False
744,7.5,2.9,9.8,0.8,3.0,3.19,False,False,True
745,9.4,3.7,9.6,0.8,0.5,3.16,True,False,False
746,8.8,2.1,8.4,2.0,2.7,3.66,True,False,False
747,8.7,3.3,5.7,5.0,1.3,3.55,True,False,False
748,7.2,1.5,9.6,1.4,4.3,3.11,False,False,True
749,9.2,1.9,7.6,1.6,3.7,3.02,True,False,False
750,5.2,1.1,5.0,5.9,6.8,2.93,True,False,False
751,9.8,1.6,8.6,1.4,2.6,3.68,True,False,False
752,9.7,1.6,8.9,1.0,2.8,3.57,True,False,False
753,10.0,0.1,8.0,3.9,2.0,3.35,True,False,False
754,9.7,0.7,8.1,1.2,4.3,3.53,True,False,False
755,6.5,2.2,7.1,1.0,7.2,2.91,False,False,True
756,8.8,3.6,5.4,2.4,3.8,3.08,True,False,False
757,5.5,0.1,8.3,3.6,6.5,2.73,False,True,False
758,5.1,3.3,9.9,0.8,4.9,2.64,False,True,False
759,6.2,3.5,9.6,2.0,2.7,2.55,False,False,True
760,5.1,2.3,5.1,4.7,6.8,3.03,True,False,False
761,6.5,0.2,7.9,2.4,7.0,2.98,False,False,True
762,6.4,2.8,6.4,5.4,3.0,3.05,False,False,True
763,6.9,2.2,5.3,2.6,7.0,3.12,True,False,False
764,6.1,0.9,9.1,5.6,2.3,3.01,False,False,True
765,5.5,1.8,6.7,5.2,4.8,2.24,False,True,False
766,6.7,1.6,7.6,1.0,7.1,2.93,False,False,True
767,7.9,3.2,8.8,0.6,3.5,3.09,False,False,True
768,6.8,1.6,8.4,0.3,6.9,2.88,False,False,True
769,5.2,1.6,8.5,1.2,7.5,2.52,False,True,False
770,9.4,3.6,6.5,1.0,3.5,3.57,True,False,False
771,7.1,1.0,8.4,5.0,2.5,3.26,False,False,True
772,7.0,0.6,8.7,2.2,5.5,3.15,False,False,True
773,8.4,1.1,5.4,6.0,3.1,3.44,True,False,False
774,9.3,1.2,7.3,3.7,2.5,3.76,True,False,False
775,7.1,1.7,6.7,3.4,5.1,2.99,False,False,True
776,9.7,2.8,9.1,1.3,1.1,3.54,True,False,False
777,8.9,0.1,9.1,0.2,5.7,3.14,True,False,False
778,8.8,1.0,9.3,0.5,4.4,3.18,True,False,False
779,5.6,3.9,8.4,5.1,1.0,3.08,False,True,False
780,8.0,2.4,8.4,3.0,2.2,2.96,False,False,True
781,7.1,1.1,8.8,1.4,5.6,2.85,False,False,True
782,8.1,3.0,6.1,0.4,6.4,3.37,True,False,False
783,5.7,2.4,9.2,0.3,6.4,2.69,False,True,False
784,7.4,3.7,6.7,2.8,3.4,3.36,False,False,True
785,5.1,0.3,6.3,0.2,12.1,2.55,False,True,False
786,7.7,0.7,6.5,4.0,5.1,3.54,False,False,True
787,9.8,0.2,9.5,2.6,1.9,3.47,True,False,False
788,5.3,0.4,8.0,2.0,8.3,3.37,False,True,False
789,9.6,1.6,5.7,4.3,2.8,3.49,True,False,False
790,8.5,3.6,9.0,2.0,0.9,2.9,True,False,False
791,8.4,3.8,6.5,0.0,5.3,3.08,True,False,False
792,8.3,2.5,8.0,0.1,5.1,3.1,True,False,False
793,8.6,1.3,8.3,3.2,2.6,3.11,True,False,False
794,5.5,3.3,9.6,3.6,2.0,2.75,False,True,False
795,5.5,1.6,8.6,4.7,3.6,2.64,False,True,False
796,6.3,0.1,7.7,5.1,4.8,3.22,False,False,True
797,9.8,2.3,7.6,0.4,3.9,3.04,True,False,False
798,8.0,1.6,6.2,0.6,7.6,3.38,False,False,True
799,6.6,0.4,5.9,5.9,5.2,3.27,True,False,False
800,9.4,4.0,7.9,2.2,0.5,2.91,True,False,False
801,6.6,1.2,7.0,4.0,5.2,2.76,False,False,True
802,5.7,2.5,5.6,3.5,6.7,3.08,True,False,False
803,8.5,2.8,8.8,3.4,0.5,3.63,True,False,False
804,8.1,0.7,5.1,1.7,8.4,3.21,True,False,False
805,7.2,2.5,9.2,1.0,4.1,3.07,False,False,True
806,7.9,2.2,5.4,0.3,8.2,2.99,True,False,False
807,5.5,2.3,7.7,1.4,7.1,3.05,False,True,False
808,5.2,2.0,8.4,1.5,6.9,2.88,False,True,False
809,6.5,2.5,9.5,4.5,1.0,3.29,False,False,True
810,6.8,2.6,7.3,1.1,6.2,3.13,False,False,True
811,8.5,2.2,6.8,5.5,1.0,3.07,True,False,False
812,8.4,1.6,8.8,2.4,2.8,3.51,True,False,False
813,7.1,3.7,6.3,0.7,6.2,3.15,False,False,True
814,6.9,0.2,6.7,3.0,7.2,3.05,False,False,True
815,5.8,2.6,10.0,2.5,3.1,2.64,False,True,False
816,5.6,3.5,7.1,2.3,5.5,2.5,False,True,False
817,8.3,1.8,8.2,0.4,5.3,3.33,True,False,False
818,5.8,1.9,8.0,3.5,4.8,2.9,False,True,False
819,7.0,1.4,5.6,2.4,7.6,3.15,True,False,False
820,6.0,0.2,7.8,3.6,6.4,2.75,False,False,True
821,9.4,2.3,6.7,4.5,1.1,3.25,True,False,False
822,7.8,3.6,7.0,1.7,3.9,3.19,False,False,True
823,5.7,0.6,7.2,3.6,6.9,2.96,False,True,False
824,9.1,0.3,7.4,3.8,3.4,3.66,True,False,False
825,9.1,3.1,6.4,5.1,0.3,3.45,True,False,False
826,7.9,3.7,8.4,1.9,2.1,2.68,False,False,True
827,9.0,3.8,5.1,5.9,0.2,3.22,True,False,False
828,7.2,2.6,6.9,0.3,7.0,3.0,False,False,True
829,8.0,3.6,6.9,1.2,4.3,3.08,False,False,True
830,9.1,3.3,7.9,1.3,2.4,3.35,True,False,False
831,9.0,2.2,9.1,2.3,1.4,3.44,True,False,False
832,7.1,3.8,7.7,3.3,2.1,3.33,False,False,True
833,6.1,2.5,7.9,1.1,6.4,2.94,False,False,True
834,8.8,2.1,6.1,4.0,3.0,3.2,True,False,False
835,5.4,1.8,5.8,1.1,9.9,2.71,True,False,False
836,5.3,1.6,7.6,2.9,6.6,2.54,False,True,False
837,6.9,3.4,5.7,3.0,5.0,3.37,True,False,False
838,9.4,2.2,9.8,0.1,2.5,3.79,True,False,False
839,5.5,0.2,5.9,3.2,9.2,2.74,True,False,False
840,9.7,3.4,6.5,0.3,4.1,3.48,True,False,False
841,5.8,0.5,5.6,3.1,9.0,2.73,True,False,False
842,9.9,2.7,9.7,0.2,1.5,3.23,True,False,False
843,6.9,2.2,5.4,0.0,9.5,3.27,True,False,False
844,7.1,2.0,7.1,0.1,7.7,3.34,False,False,True
845,6.7,0.7,5.5,5.7,5.4,3.31,True,False,False
846,6.6,1.6,6.2,0.6,9.0,3.12,False,False,True
847,5.9,3.2,8.4,3.3,3.2,3.05,False,True,False
848,5.4,1.1,6.7,4.7,6.1,2.8,False,True,False
849,10.0,1.0,9.4,3.0,0.6,3.4,True,False,False
850,7.0,3.9,5.9,4.8,2.4,2.78,True,False,False
851,6.7,2.9,7.1,3.5,3.8,3.09,False,False,True
852,9.3,0.2,8.5,0.8,5.2,3.49,True,False,False
853,7.1,2.2,7.0,3.1,4.6,2.87,False,False,True
854,5.7,0.6,9.7,5.3,2.7,3.18,False,True,False
855,9.5,4.0,6.0,1.6,2.9,3.39,True,False,False
856,7.1,1.4,8.0,3.5,4.0,3.48,False,False,True
857,5.8,1.9,7.8,3.4,5.1,3.01,False,True,False
858,5.1,1.4,8.9,3.4,5.2,2.6,False,True,False
859,6.3,2.8,7.8,4.8,2.3,3.08,False,False,True
860,7.4,0.5,6.3,2.5,7.3,3.4,False,False,True
861,8.0,2.1,6.4,0.0,7.5,2.83,False,False,True
862,8.7,0.1,7.9,5.6,1.7,3.3,True,False,False
863,5.9,1.9,5.5,3.8,6.9,2.45,True,False,False
864,7.6,3.6,6.0,0.1,6.7,3.38,False,False,True
865,9.3,2.3,9.5,1.7,1.2,3.34,True,False,False
866,8.7,3.7,7.9,0.7,3.0,3.57,True,False,False
867,6.3,0.8,6.2,1.8,8.9,3.37,False,False,True
868,7.1,2.5,5.4,0.5,8.5,3.33,True,False,False
869,5.9,2.1,6.1,1.7,8.2,3.13,False,True,False
870,5.1,2.6,8.3,4.8,3.2,2.69,False,True,False
871,9.7,0.1,5.8,5.3,3.1,3.92,True,False,False
872,8.3,2.7,9.7,3.3,0.0,2.95,True,False,False
873,8.6,1.1,9.4,0.2,4.7,3.36,True,False,False
874,6.3,0.9,5.7,5.2,5.9,2.9,True,False,False
875,7.5,2.7,6.2,4.5,3.1,2.97,False,False,True
876,7.1,0.8,9.9,3.9,2.3,3.28,False,False,True
877,9.7,1.2,8.9,3.2,1.0,3.26,True,False,False
878,8.4,2.9,7.9,1.0,3.8,3.2,True,False,False
879,7.5,1.2,7.1,3.9,4.3,2.96,False,False,True
880,7.0,1.1,6.0,4.7,5.2,3.2,False,False,True
881,9.5,1.5,8.8,3.8,0.4,3.36,True,False,False
882,9.8,1.5,6.7,0.4,5.6,3.54,True,False,False
883,7.4,0.4,6.2,1.9,8.1,3.16,False,False,True
884,6.5,3.4,9.3,3.7,1.1,3.02,False,False,True
885,5.7,2.8,9.7,4.0,1.8,2.86,False,True,False
886,8.2,2.0,5.6,1.9,6.3,2.81,True,False,False
887,9.0,3.4,5.7,5.6,0.3,3.59,True,False,False
888,8.8,3.2,9.7,0.7,1.6,3.07,True,False,False
889,9.3,0.5,8.5,4.2,1.5,3.17,True,False,False
890,9.4,0.7,5.3,4.3,4.3,3.57,True,False,False
891,7.4,3.4,6.9,1.0,5.3,3.15,False,False,True
892,5.9,2.9,7.6,3.6,4.0,3.13,False,True,False
893,7.3,3.3,9.1,3.1,1.2,3.34,False,False,True
894,6.8,3.5,8.6,0.6,4.5,3.23,False,False,True
895,7.0,3.5,5.2,5.8,2.5,3.26,True,False,False
896,6.4,1.0,9.7,1.8,5.1,3.25,False,False,True
897,8.9,1.6,5.7,0.1,7.7,3.42,True,False,False
898,6.8,1.4,6.7,3.1,6.0,3.03,False,False,True
899,7.2,3.5,7.5,2.9,2.9,3.04,False,False,True
900,8.3,2.4,7.1,2.5,3.7,3.22,True,False,False
901,8.9,0.8,9.1,3.4,1.8,3.1,True,False,False
902,6.3,3.0,7.6,1.9,5.2,2.48,False,False,True
903,8.0,4.0,7.2,4.4,0.4,3.11,False,False,True
904,6.0,1.7,6.1,0.0,10.2,2.87,False,False,True
905,9.6,3.4,8.7,0.4,1.9,3.5,True,False,False
906,7.2,0.5,7.6,2.1,6.6,3.11,False,False,True
907,6.9,2.5,8.6,0.7,5.3,3.29,False,False,True
908,6.7,1.8,8.4,3.1,4.0,2.92,False,False,True
909,9.3,3.5,5.0,4.7,1.5,3.45,True,False,False
910,7.4,3.9,8.8,1.0,2.9,3.11,False,False,True
911,7.7,4.0,9.3,0.3,2.7,2.96,False,False,True
912,5.0,1.6,6.2,4.9,6.3,3.01,False,True,False
913,6.7,3.3,5.0,1.8,7.2,2.85,True,False,False
914,5.3,0.7,7.8,1.7,8.5,2.64,False,True,False
915,7.1,1.5,9.4,5.4,0.6,2.65,False,False,True
916,5.5,3.8,5.3,1.8,7.6,2.81,True,False,False
917,6.5,1.3,5.8,4.7,5.7,3.04,True,False,False
918,5.6,0.3,9.5,1.1,7.5,2.66,False,True,False
919,9.1,2.2,5.4,5.7,1.6,3.48,True,False,False
920,5.8,3.4,5.1,3.1,6.6,2.79,True,False,False
921,8.8,3.7,9.5,1.6,0.4,3.29,True,False,False
922,6.4,1.2,6.9,2.4,7.1,3.0,False,False,True
923,7.7,0.6,8.5,1.0,6.2,3.16,False,False,True
924,9.0,3.0,8.2,0.6,3.2,2.96,True,False,False
925,7.7,0.3,6.9,2.5,6.6,3.08,False,False,True
926,5.9,1.6,9.7,0.8,6.0,2.86,False,True,False
927,8.8,0.4,9.9,1.9,3.0,3.19,True,False,False
928,8.1,0.8,5.7,5.6,3.8,3.45,True,False,False
929,9.6,3.5,8.1,2.3,0.5,3.4,True,False,False
930,6.6,2.5,6.8,0.9,7.2,2.88,False,False,True
931,8.0,3.3,6.9,0.8,5.0,3.08,False,False,True
932,6.5,2.6,8.0,4.2,2.7,2.83,False,False,True
933,6.8,3.3,6.0,2.8,5.1,2.92,False,False,True
934,5.5,3.5,6.7,4.1,4.2,2.92,False,True,False
935,5.1,2.8,6.6,0.3,9.2,2.49,False,True,False
936,6.9,0.3,5.7,1.8,9.3,3.15,True,False,False
937,5.4,3.6,5.0,2.9,7.1,2.74,True,False,False
938,9.6,0.6,9.8,0.8,3.2,3.29,True,False,False
939,8.7,2.2,9.4,2.0,1.7,3.03,True,False,False
940,5.8,3.7,6.6,2.2,5.7,2.9,False,True,False
941,8.8,1.4,9.8,3.0,1.0,3.51,True,False,False
942,5.2,1.0,7.3,1.4,9.1,2.83,False,True,False
943,8.7,3.7,7.1,1.5,3.0,3.29,True,False,False
944,7.4,1.4,9.5,3.2,2.5,3.22,False,False,True
945,8.8,3.2,6.7,2.3,3.0,3.24,True,False,False
946,9.0,3.8,8.1,2.3,0.8,3.55,True,False,False
947,9.0,3.4,7.0,0.2,4.4,3.68,True,False,False
948,7.3,3.0,6.8,3.8,3.1,2.91,False,False,True
949,5.9,3.0,7.7,1.2,6.2,3.09,False,True,False
950,7.4,0.9,9.8,4.2,1.7,2.94,False,False,True
951,9.8,1.7,7.4,4.6,0.5,3.84,True,False,False
952,6.3,1.8,5.6,1.2,9.1,2.99,True,False,False
953,5.0,0.2,9.9,1.5,7.4,2.94,False,True,False
954,7.8,0.6,8.6,3.6,3.4,3.26,False,False,True
955,8.7,3.1,9.9,1.3,1.0,3.55,True,False,False
956,5.3,3.6,5.6,2.0,7.5,2.53,True,False,False
957,9.1,2.4,7.0,2.6,2.9,3.28,True,False,False
958,9.3,0.4,8.9,4.6,0.8,3.58,True,False,False
959,5.9,1.7,5.8,4.2,6.4,3.32,True,False,False
960,6.0,0.8,5.2,1.9,10.1,3.01,True,False,False
961,7.8,3.4,8.3,2.0,2.5,3.18,False,False,True
962,6.3,0.2,8.6,0.7,8.2,3.1,False,False,True
963,6.5,2.1,7.8,3.6,4.0,2.9,False,False,True
964,8.1,3.9,8.6,3.1,0.3,2.99,True,False,False
965,8.8,2.4,6.0,4.0,2.8,3.59,True,False,False
966,7.4,2.1,6.7,3.1,4.7,3.44,False,False,True
967,6.0,3.2,5.9,0.5,8.4,3.28,True,False,False
968,7.2,1.1,7.8,2.1,5.8,2.93,False,False,True
969,9.7,3.7,7.5,1.0,2.1,3.04,True,False,False
970,9.6,0.0,7.8,4.4,2.2,3.38,True,False,False
971,7.4,0.3,9.9,3.1,3.3,2.84,False,False,True
972,7.4,1.7,5.4,0.6,8.9,3.23,True,False,False
973,9.2,1.0,6.0,3.0,4.8,3.18,True,False,False
974,5.2,0.2,9.2,0.7,8.7,2.82,False,True,False
975,5.2,1.8,9.2,1.6,6.2,2.68,False,True,False
976,7.2,2.3,7.9,2.0,4.6,3.06,False,False,True
977,6.6,0.4,6.8,0.6,9.6,3.31,False,False,True
978,6.4,2.5,7.3,2.9,4.9,3.12,False,False,True
979,8.8,1.1,6.6,5.5,2.0,3.32,True,False,False
980,9.6,2.4,7.7,1.1,3.2,3.3,True,False,False
981,6.7,3.4,7.8,3.1,3.0,2.98,False,False,True
982,8.0,0.3,8.4,5.6,1.7,3.28,False,False,True
983,7.9,0.5,7.9,4.6,3.1,3.38,False,False,True
984,8.2,3.6,8.1,0.5,3.6,3.18,True,False,False
985,6.5,0.8,9.5,4.6,2.6,2.74,False,False,True
986,5.9,3.0,7.4,1.4,6.3,3.1,False,True,False
987,8.1,0.2,6.6,2.8,6.3,3.14,True,False,False
988,6.0,3.1,7.1,3.4,4.4,2.84,False,False,True
989,5.1,0.1,7.2,4.9,6.7,2.94,False,True,False
990,6.9,3.3,5.7,5.6,2.5,3.05,True,False,False
991,8.8,3.8,8.4,1.1,1.9,3.3,True,False,False
992,6.7,2.8,8.8,5.3,0.4,3.05,False,False,True
993,6.0,3.2,8.7,0.4,5.7,2.6,False,False,True
994,6.5,3.9,8.2,3.9,1.5,2.82,False,False,True
995,9.9,1.5,9.0,1.6,2.0,3.44,True,False,False
996,9.7,0.9,6.6,4.5,2.3,3.5,True,False,False
997,7.0,2.4,7.2,4.5,2.9,3.0,False,False,True
998,5.8,1.4,7.0,0.3,9.5,2.49,False,True,False
999,7.9,3.5,5.8,3.6,3.2,3.01,True,False,False
1000,8.5,1.6,7.5,0.0,6.4,3.63,True,False,False
1001,8.5,2.6,5.2,2.2,5.5,3.26,True,False,False
1002,7.5,3.6,8.6,2.5,1.8,3.19,False,False,True
1003,9.0,3.5,7.3,2.0,2.2,3.43,True,False,False
1004,8.5,0.3,9.3,2.8,3.1,3.26,True,False,False
1005,5.3,2.2,7.1,5.3,4.1,2.9,False,True,False
1006,7.8,0.2,9.9,3.1,3.0,3.07,False,False,True
1007,6.5,1.9,9.3,1.8,4.5,2.92,False,False,True
1008,6.5,3.1,7.4,1.4,5.6,2.93,False,False,True
1009,5.8,1.3,9.7,2.1,5.1,2.87,False,True,False
1010,5.9,3.6,7.3,4.3,2.9,2.95,False,True,False
1011,9.9,0.2,5.5,4.3,4.1,3.32,True,False,False
1012,5.2,0.1,8.9,0.8,9.0,2.66,False,True,False
1013,7.3,2.4,7.1,0.2,7.0,3.17,False,False,True
1014,7.2,2.1,7.4,2.3,5.0,3.13,False,False,True
1015,9.4,3.6,6.7,2.6,1.7,2.81,True,False,False
1016,6.4,3.8,5.7,3.5,4.6,3.07,True,False,False
1017,6.4,1.1,7.0,6.0,3.5,2.98,False,False,True
1018,5.4,0.6,7.2,3.1,7.7,2.68,False,True,False
1019,6.3,1.3,5.4,1.8,9.2,3.1,True,False,False
1020,9.5,0.0,9.1,5.1,0.3,3.05,True,False,False
1021,5.5,0.6,9.8,3.2,4.9,3.2,False,True,False
1022,8.7,4.0,6.4,2.6,2.3,3.21,True,False,False
1023,7.7,1.6,5.8,5.9,3.0,3.15,True,False,False
1024,8.0,0.9,7.7,4.2,3.2,3.44,False,False,True
1025,7.6,4.0,8.1,1.6,2.7,3.02,False,False,True
1026,6.9,1.4,7.2,4.7,3.8,3.14,False,False,True
1027,7.4,3.2,7.9,1.9,3.6,2.99,False,False,True
1028,6.1,2.0,6.3,0.1,9.5,3.05,False,False,True
1029,8.2,2.0,7.2,5.8,0.8,3.45,True,False,False
1030,5.7,2.3,9.3,3.5,3.2,2.9,False,True,False
1031,8.6,1.5,5.5,2.7,5.7,3.49,True,False,False
1032,6.2,3.9,9.8,1.0,3.1,2.87,False,False,True
1033,6.7,3.6,9.8,1.7,2.2,3.06,False,False,True
1034,8.4,1.1,8.7,0.3,5.5,2.86,True,False,False
1035,5.2,1.5,6.8,1.9,8.6,2.38,False,True,False
1036,6.0,1.2,9.9,2.5,4.4,2.88,False,False,True
1037,7.2,2.3,9.9,1.1,3.5,3.31,False,False,True
1038,8.0,0.4,8.4,0.4,6.8,3.39,False,False,True
1039,8.0,3.0,6.1,5.0,1.9,2.9,False,False,True
1040,5.7,3.8,5.4,1.2,7.9,2.81,True,False,False
1041,6.7,2.5,7.7,0.8,6.3,2.81,False,False,True
1042,6.1,1.6,8.5,1.3,6.5,2.76,False,False,True
1043,6.8,1.6,9.9,5.4,0.3,2.89,False,False,True
1044,5.3,1.3,6.3,3.0,8.1,2.94,False,True,False
1045,8.9,3.4,9.2,0.9,1.6,3.11,True,False,False
1046,5.3,2.8,5.0,2.5,8.4,3.02,True,False,False
1047,6.6,2.8,8.8,1.8,4.0,2.87,False,False,True
1048,7.2,2.9,8.5,5.3,0.1,3.26,False,False,True
1049,6.1,2.6,8.0,5.5,1.8,3.01,False,False,True
1050,7.8,1.1,7.4,2.0,5.7,3.04,False,False,True
1051,7.9,3.6,7.8,3.0,1.7,3.05,False,False,True
1052,6.2,2.0,6.6,1.1,8.1,2.94,False,False,True
1053,7.5,1.3,6.3,2.8,6.1,3.21,False,False,True
1054,5.5,3.1,9.0,4.6,1.8,2.97,False,True,False
1055,5.6,2.6,9.2,3.5,3.1,2.72,False,True,False
1056,7.6,0.1,8.2,0.5,7.6,3.56,False,False,True
1057,7.2,1.2,7.7,0.8,7.1,3.28,False,False,True
1058,5.8,0.4,5.7,5.3,6.8,3.0,True,False,False
1059,7.6,1.9,5.5,3.9,5.1,3.17,True,False,False
1060,8.1,0.3,5.6,0.3,9.7,3.25,True,False,False
1061,6.3,0.5,6.3,2.3,8.6,2.97,False,False,True
1062,9.2,2.8,5.6,4.4,2.0,3.5,True,False,False
1063,6.4,2.6,6.7,6.0,2.3,2.78,False,False,True
1064,9.7,0.1,8.5,4.1,1.6,3.26,True,False,False
1065,9.2,3.9,9.9,0.1,0.9,3.48,True,False,False
1066,8.2,0.5,8.3,5.9,1.1,3.44,True,False,False
1067,9.6,1.8,5.2,2.2,5.2,3.55,True,False,False
1068,7.3,0.2,7.1,2.8,6.6,3.27,False,False,True
1069,9.6,2.6,6.6,2.7,2.5,3.37,True,False,False
1070,6.8,2.7,8.3,4.3,1.9,2.58,False,False,True
1071,6.3,1.3,5.6,3.9,6.9,2.97,True,False,False
1072,9.3,3.6,7.2,1.8,2.1,3.3,True,False,False
1073,5.4,2.7,9.1,1.5,5.3,3.04,False,True,False
1074,9.4,1.0,7.8,1.1,4.7,3.36,True,False,False
1075,5.5,3.6,9.1,4.4,1.4,2.44,False,True,False
1076,7.7,0.4,8.8,3.5,3.6,3.0,False,False,True
1077,5.9,0.8,5.9,0.3,11.1,3.11,True,False,False
1078,5.1,0.2,7.9,4.9,5.9,2.82,False,True,False
1079,6.6,1.4,8.0,1.6,6.4,3.23,False,False,True
1080,8.7,2.7,6.0,2.1,4.5,3.67,True,False,False
1081,5.6,0.5,8.4,5.2,4.3,2.86,False,True,False
1082,5.9,0.4,9.1,3.5,5.1,2.96,False,True,False
1083,8.1,3.1,8.5,3.6,0.7,3.12,True,False,False
1084,8.2,1.3,9.8,0.2,4.5,3.38,True,False,False
1085,7.9,0.7,8.6,1.1,5.7,3.18,False,False,True
1086,9.6,0.8,5.7,4.6,3.3,3.12,True,False,False
1087,7.5,3.6,5.7,3.9,3.3,3.01,True,False,False
1088,8.4,2.4,8.8,1.4,3.0,3.17,True,False,False
1089,7.2,1.6,9.9,1.5,3.8,2.89,False,False,True
1090,7.8,1.0,9.6,1.5,4.1,2.9,False,False,True
1091,9.5,0.4,8.3,5.3,0.5,3.56,True,False,False
1092,8.4,1.2,5.9,1.8,6.7,3.25,True,False,False
1093,5.5,0.6,5.5,2.5,9.9,2.74,True,False,False
1094,5.7,2.6,6.0,0.6,9.1,2.92,False,True,False
1095,5.8,3.7,9.1,1.9,3.5,2.97,False,True,False
1096,8.4,2.7,8.1,1.3,3.5,3.68,True,False,False
1097,5.2,1.8,9.5,3.4,4.1,2.88,False,True,False
1098,8.4,3.9,9.9,1.2,0.6,3.08,True,False,False
1099,6.2,3.2,5.5,4.7,4.4,2.89,True,False,False
1100,8.2,1.7,7.2,1.9,5.0,3.38,True,False,False
1101,8.8,3.7,9.7,0.3,1.5,3.39,True,False,False
1102,6.3,0.3,6.3,5.5,5.6,3.06,False,False,True
1103,8.2,2.9,6.3,4.3,2.3,3.21,True,False,False
1104,8.1,0.6,9.1,1.4,4.8,3.15,True,False,False
1105,8.3,1.6,8.0,0.6,5.5,3.4,True,False,False
1106,10.0,0.8,6.3,4.0,2.9,3.39,True,False,False
1107,9.8,3.7,7.5,2.4,0.6,3.35,True,False,False
1108,6.4,3.3,6.9,0.5,6.9,2.9,False,False,True
1109,6.7,3.9,8.1,2.2,3.1,2.89,False,False,True
1110,5.4,0.2,5.6,3.5,9.3,2.98,True,False,False
1111,9.6,2.0,9.2,1.4,1.8,3.64,True,False,False
1112,5.9,1.4,8.2,0.4,8.1,3.07,False,True,False
1113,6.8,2.1,10.0,2.4,2.7,2.96,False,False,True
1114,9.0,2.4,9.4,1.3,1.9,3.61,True,False,False
1115,8.0,2.5,7.1,0.9,5.5,3.13,False,False,True
1116,6.1,2.9,6.6,3.0,5.4,3.01,False,False,True
1117,5.8,3.8,9.3,4.4,0.7,3.16,False,True,False
1118,5.7,0.0,5.1,3.5,9.7,2.75,True,False,False
1119,7.3,2.1,5.0,2.5,7.1,3.0,True,False,False
1120,8.7,0.9,9.1,3.1,2.2,3.65,True,False,False
1121,6.1,0.9,8.1,5.0,3.9,2.61,False,False,True
1122,9.3,2.7,7.2,2.3,2.5,3.29,True,False,False
1123,6.0,2.5,6.8,6.0,2.7,2.5,False,False,True
1124,7.8,3.7,9.0,1.6,1.9,2.6,False,False,True
1125,8.6,2.3,7.5,1.1,4.5,2.97,True,False,False
1126,9.6,1.3,9.8,1.8,1.5,3.39,True,False,False
1127,8.2,2.2,5.6,2.3,5.7,3.28,True,False,False
1128,7.2,3.1,6.1,1.0,6.6,2.92,False,False,True
1129,7.0,3.7,8.6,2.0,2.7,2.88,False,False,True
1130,9.9,2.7,6.4,2.9,2.1,3.49,True,False,False
1131,5.5,3.9,5.9,3.9,4.8,2.99,True,False,False
1132,8.9,2.7,8.1,3.8,0.5,3.14,True,False,False
1133,5.4,1.3,6.2,5.9,5.2,3.1,False,True,False
1134,8.4,0.8,6.2,1.7,6.9,3.12,True,False,False
1135,7.1,0.9,5.1,5.3,5.6,3.05,True,False,False
1136,6.7,0.0,8.4,5.0,3.9,3.05,False,False,True
1137,5.7,0.6,9.0,3.7,5.0,2.88,False,True,False
1138,6.5,1.5,8.8,4.9,2.3,2.88,False,False,True
1139,7.0,3.8,7.0,4.6,1.6,3.24,False,False,True
1140,9.5,0.3,9.7,3.7,0.8,3.42,True,False,False
1141,9.0,0.8,9.0,4.4,0.8,3.37,True,False,False
1142,5.2,0.6,7.7,3.5,7.0,2.77,False,True,False
1143,8.2,0.1,9.8,0.3,5.6,3.37,True,False,False
1144,8.3,3.3,5.1,3.3,4.0,3.27,True,False,False
1145,7.3,2.0,5.4,4.1,5.2,3.41,True,False,False
1146,7.4,0.6,8.2,1.0,6.8,3.11,False,False,True
1147,9.4,2.5,5.8,5.8,0.5,3.25,True,False,False
1148,8.1,1.0,9.0,4.8,1.1,3.22,True,False,False
1149,9.9,2.0,7.3,3.6,1.2,3.51,True,False,False
1150,7.7,0.4,7.1,5.1,3.7,2.94,False,False,True
1151,9.3,0.4,5.5,1.6,7.2,3.29,True,False,False
1152,8.1,1.4,8.9,1.3,4.3,3.27,True,False,False
1153,8.2,0.9,8.6,5.2,1.1,3.03,True,False,False
1154,7.1,0.6,8.5,4.6,3.2,3.11,False,False,True
1155,5.5,2.0,9.1,5.6,1.8,2.95,False,True,False
1156,7.7,1.6,9.2,2.7,2.8,3.16,False,False,True
1157,7.4,2.0,9.2,4.5,0.9,2.77,False,False,True
1158,7.5,2.3,6.2,4.8,3.2,2.93,False,False,True
1159,7.4,1.3,5.5,1.4,8.4,3.09,True,False,False
1160,5.8,1.8,6.5,0.2,9.7,2.92,False,True,False
1161,6.6,2.2,7.8,2.1,5.3,3.09,False,False,True
1162,6.9,1.0,6.2,2.7,7.2,3.02,False,False,True
1163,8.8,0.8,8.5,0.1,5.8,3.61,True,False,False
1164,6.7,2.3,6.0,4.5,4.5,2.92,False,False,True
1165,5.3,3.4,6.0,5.2,4.1,3.06,False,True,False
1166,6.6,3.6,5.6,1.1,7.1,2.82,True,False,False
1167,7.5,0.3,6.0,5.7,4.5,3.11,False,False,True
1168,9.6,2.2,6.3,4.1,1.8,3.49,True,False,False
1169,8.3,4.0,6.3,3.6,1.8,3.36,True,False,False
1170,7.5,1.2,5.8,1.7,7.8,3.25,True,False,False
1171,6.9,3.0,7.7,0.5,5.9,3.17,False,False,True
1172,8.2,3.2,7.3,1.9,3.4,3.2,True,False,False
1173,5.5,3.5,8.9,1.0,5.1,2.3,False,True,False
1174,8.1,3.8,7.9,2.3,1.9,3.72,True,False,False
1175,5.3,0.3,5.9,0.2,12.3,2.97,True,False,False
1176,5.7,3.3,5.8,1.8,7.4,3.04,True,False,False
1177,6.2,1.5,6.3,2.9,7.1,2.97,False,False,True
1178,5.3,0.6,5.3,3.8,9.0,2.79,True,False,False
1179,5.3,3.3,7.6,3.2,4.6,2.55,False,True,False
1180,6.0,1.3,8.0,1.3,7.4,2.95,False,False,True
1181,5.6,3.9,5.1,4.8,4.6,2.7,True,False,False
1182,5.7,0.6,8.5,3.9,5.3,3.05,False,True,False
1183,8.9,3.7,8.5,0.5,2.4,3.46,True,False,False
1184,6.0,0.3,8.5,2.4,6.8,2.81,False,False,True
1185,9.6,2.6,5.5,5.7,0.6,3.28,True,False,False
1186,7.0,0.2,7.5,0.7,8.6,2.81,False,False,True
1187,7.0,1.4,8.9,4.8,1.9,2.97,False,False,True
1188,6.9,0.6,9.0,4.2,3.3,2.83,False,False,True
1189,6.0,1.5,5.5,3.8,7.2,2.8,True,False,False
1190,7.9,3.6,7.8,0.8,3.9,3.45,False,False,True
1191,6.9,3.4,8.2,3.6,1.9,3.37,False,False,True
1192,8.8,2.4,5.8,4.8,2.2,3.38,True,False,False
1193,8.6,0.3,7.3,1.0,6.8,3.51,True,False,False
1194,8.1,2.7,9.2,0.9,3.1,2.78,True,False,False
1195,5.6,3.4,5.8,5.8,3.4,2.84,True,False,False
1196,9.9,0.4,6.5,3.8,3.4,3.73,True,False,False
1197,6.8,3.7,5.3,3.3,4.9,3.37,True,False,False
1198,6.3,1.5,9.2,1.2,5.8,3.15,False,False,True
1199,9.1,2.3,8.8,2.7,1.1,3.43,True,False,False
1200,9.3,1.7,9.8,1.4,1.8,3.12,True,False,False
1201,5.7,1.6,9.8,1.9,5.0,2.72,False,True,False
1202,8.6,1.2,8.9,2.3,3.0,3.24,True,False,False
1203,7.4,3.1,6.9,2.7,3.9,2.82,False,False,True
1204,7.6,3.2,6.8,3.1,3.3,2.87,False,False,True
1205,8.4,1.1,6.4,5.6,2.5,3.37,True,False,False
1206,8.2,0.1,8.1,3.1,4.5,3.56,True,False,False
1207,7.7,1.4,5.4,1.2,8.3,3.13,True,False,False
1208,7.3,0.2,5.2,4.3,7.0,3.21,True,False,False
1209,7.7,2.0,6.2,4.5,3.6,3.07,False,False,True
1210,7.3,1.1,6.2,3.9,5.5,3.0,False,False,True
1211,8.3,3.3,7.1,0.4,4.9,3.56,True,False,False
1212,5.0,2.1,5.2,3.4,8.3,2.9,True,False,False
1213,9.6,3.9,7.7,1.3,1.5,3.47,True,False,False
1214,5.3,1.9,6.2,2.8,7.8,2.87,False,True,False
1215,7.3,2.3,6.8,1.0,6.6,3.35,False,False,True
1216,8.3,1.4,9.7,4.2,0.4,3.25,True,False,False
1217,6.0,0.2,8.7,5.0,4.1,3.04,False,False,True
1218,5.1,1.0,7.3,3.8,6.8,3.24,False,True,False
1219,7.8,3.0,6.4,3.4,3.4,3.14,False,False,True
1220,8.8,2.8,10.0,0.7,1.7,3.16,True,False,False
1221,7.5,1.3,7.2,5.1,2.9,3.27,False,False,True
1222,6.0,3.5,5.3,5.3,3.9,2.97,True,False,False
1223,6.6,1.3,7.6,5.6,2.9,2.96,False,False,True
1224,9.3,1.6,6.0,2.5,4.6,3.31,True,False,False
1225,6.9,3.7,8.8,2.3,2.3,3.03,False,False,True
1226,5.3,1.0,7.2,0.9,9.6,2.85,False,True,False
1227,9.7,3.1,6.3,2.9,2.0,3.5,True,False,False
1228,9.4,2.1,8.9,2.0,1.6,3.43,True,False,False
1229,7.8,0.5,5.6,3.2,6.9,3.36,True,False,False
1230,9.8,1.9,5.3,3.3,3.7,3.93,True,False,False
1231,9.2,4.0,7.2,1.2,2.4,3.1,True,False,False
1232,5.2,1.4,6.3,4.1,7.0,3.12,False,True,False
1233,9.7,1.1,9.1,0.2,3.9,3.3,True,False,False
1234,9.7,3.1,8.3,2.4,0.5,3.47,True,False,False
1235,8.2,3.9,8.6,3.1,0.2,3.02,True,False,False
1236,7.6,0.5,8.0,2.9,5.0,3.15,False,False,True
1237,8.1,0.0,6.0,2.9,7.0,3.19,True,False,False
1238,7.1,2.9,8.0,1.8,4.2,3.17,False,False,True
1239,7.1,0.9,9.8,0.8,5.4,3.01,False,False,True
1240,6.1,3.1,6.0,0.5,8.3,2.9,False,False,True
1241,7.4,0.0,5.4,4.8,6.4,3.14,True,False,False
1242,9.3,2.7,5.3,4.7,2.0,3.41,True,False,False
1243,9.2,3.2,7.5,1.0,3.1,3.48,True,False,False
1244,9.9,0.6,6.1,1.3,6.1,3.63,True,False,False
1245,9.0,0.7,5.3,6.0,3.0,3.56,True,False,False
1246,7.8,3.6,9.6,0.0,3.0,3.09,False,False,True
1247,5.4,1.0,8.3,5.3,4.0,3.27,False,True,False
1248,5.9,3.2,9.8,1.4,3.7,2.71,False,True,False
1249,7.5,0.3,7.8,3.0,5.4,3.09,False,False,True
1250,6.7,2.1,7.9,0.1,7.2,2.78,False,False,True
1251,8.8,2.9,6.8,0.3,5.2,3.17,True,False,False
1252,5.9,2.3,5.8,2.1,7.9,2.66,True,False,False
1253,8.5,2.2,6.9,2.5,3.9,3.25,True,False,False
1254,5.4,3.5,5.4,4.2,5.5,2.81,True,False,False
1255,9.6,1.1,6.9,3.4,3.0,3.37,True,False,False
1256,8.3,1.6,7.4,0.3,6.4,3.29,True,False,False
1257,6.0,3.2,7.3,1.8,5.7,3.11,False,False,True
1258,8.7,1.1,5.6,1.5,7.1,3.24,True,False,False
1259,9.6,2.3,7.7,2.6,1.8,3.67,True,False,False
1260,7.6,0.5,5.6,3.2,7.1,3.04,True,False,False
1261,9.7,1.2,9.3,2.9,0.9,3.51,True,False,False
1262,6.0,1.5,7.5,4.4,4.6,2.8,False,False,True
1263,5.6,1.6,7.4,3.2,6.2,2.75,False,True,False
1264,9.0,2.8,7.8,3.1,1.3,3.43,True,False,False
1265,7.1,0.6,8.3,3.1,4.9,2.79,False,False,True
1266,9.5,2.3,5.4,2.7,4.1,3.67,True,False,False
1267,8.8,3.2,7.5,4.0,0.5,3.2,True,False,False
1268,9.5,3.6,8.4,2.1,0.4,3.11,True,False,False
1269,5.4,3.5,6.6,1.1,7.4,2.72,False,True,False
1270,6.3,1.3,5.7,1.8,8.9,2.65,True,False,False
1271,7.9,1.8,6.7,4.5,3.1,3.24,False,False,True
1272,6.7,3.0,5.8,0.8,7.7,3.09,True,False,False
1273,6.7,3.2,6.2,0.4,7.5,2.74,False,False,True
1274,7.8,2.1,8.3,1.4,4.4,3.31,False,False,True
1275,9.3,1.2,8.5,0.1,4.9,3.1,True,False,False
1276,7.7,0.3,9.0,1.3,5.7,2.9,False,False,True
1277,8.4,3.2,7.8,3.4,1.2,3.02,True,False,False
1278,9.0,1.2,7.9,4.4,1.5,3.62,True,False,False
1279,6.9,1.2,7.3,4.9,3.7,3.05,False,False,True
1280,8.3,3.6,5.5,1.4,5.2,3.4,True,False,False
1281,8.5,3.3,9.3,1.2,1.7,3.25,True,False,False
1282,6.2,1.2,8.9,0.5,7.2,2.76,False,False,True
1283,9.1,1.7,8.0,0.5,4.7,3.23,True,False,False
1284,9.8,3.2,7.3,0.8,2.9,3.42,True,False,False
1285,9.7,1.4,5.8,3.4,3.7,3.67,True,False,False
1286,7.4,4.0,8.4,0.3,3.9,3.15,False,False,True
1287,10.0,1.6,6.4,3.3,2.7,3.39,True,False,False
1288,5.0,1.8,9.2,3.4,4.6,2.7,False,True,False
1289,10.0,1.1,6.4,1.0,5.5,3.4,True,False,False
1290,9.0,3.6,9.9,0.3,1.2,3.19,True,False,False
1291,9.4,1.3,5.6,5.2,2.5,3.2,True,False,False
1292,7.1,1.1,8.7,2.7,4.4,3.15,False,False,True
1293,9.9,0.2,6.8,2.9,4.2,3.09,True,False,False
1294,8.6,3.5,9.7,1.8,0.4,3.3,True,False,False
1295,9.3,2.2,9.1,1.0,2.4,3.07,True,False,False
1296,7.3,1.1,9.8,1.8,4.0,2.91,False,False,True
1297,5.5,2.1,5.3,0.7,10.4,2.79,True,False,False
1298,7.2,3.2,8.7,2.1,2.8,2.78,False,False,True
1299,6.7,1.3,8.9,0.3,6.8,2.79,False,False,True
1300,6.2,3.7,9.3,3.4,1.4,2.92,False,False,True
1301,7.4,2.1,9.9,4.4,0.2,3.23,False,False,True
1302,6.0,0.9,8.4,2.4,6.3,2.79,False,False,True
1303,9.7,0.4,7.6,5.5,0.8,3.73,True,False,False
1304,5.8,3.9,9.6,0.8,3.9,2.57,False,True,False
1305,5.6,0.3,9.5,1.2,7.4,2.57,False,True,False
1306,8.0,0.3,6.1,5.6,4.0,2.76,False,False,True
1307,9.5,3.1,5.1,2.0,4.3,3.14,True,False,False
1308,9.5,2.5,5.4,5.5,1.1,3.59,True,False,False
1309,9.8,0.3,7.7,1.8,4.4,3.23,True,False,False
1310,7.9,3.8,7.5,0.4,4.4,3.11,False,False,True
1311,8.1,1.4,9.3,2.3,2.9,3.11,True,False,False
1312,8.8,1.1,8.8,1.1,4.2,3.22,True,False,False
1313,6.6,1.9,9.7,5.4,0.4,2.88,False,False,True
1314,5.7,2.0,7.3,5.4,3.6,2.62,False,True,False
1315,9.7,1.5,7.5,4.8,0.5,3.3,True,False,False
1316,6.1,0.8,5.2,3.9,8.0,2.56,True,False,False
1317,6.3,0.2,6.2,4.8,6.5,2.93,False,False,True
1318,7.1,3.9,6.0,1.3,5.7,3.3,False,False,True
1319,6.5,0.7,6.9,5.5,4.4,2.71,False,False,True
1320,9.7,0.2,6.1,3.4,4.6,3.81,True,False,False
1321,8.1,0.2,7.0,3.9,4.8,3.41,True,False,False
1322,6.6,0.4,7.1,0.8,9.1,3.27,False,False,True
1323,9.7,1.9,6.6,4.4,1.4,3.06,True,False,False
1324,9.1,3.5,8.4,0.1,2.9,3.36,True,False,False
1325,7.8,3.1,5.7,1.4,6.0,3.14,True,False,False
1326,7.2,0.0,9.1,2.2,5.5,3.41,False,False,True
1327,7.7,2.7,8.5,4.9,0.2,2.68,False,False,True
1328,9.8,2.6,6.5,0.6,4.5,3.62,True,False,False
1329,9.2,1.4,8.3,2.4,2.7,3.47,True,False,False
1330,5.3,1.7,7.7,2.6,6.7,2.54,False,True,False
1331,8.7,3.3,8.9,0.1,3.0,3.34,True,False,False
1332,9.7,3.3,9.2,0.5,1.3,3.18,True,False,False
1333,7.1,1.9,5.8,0.2,9.0,3.02,True,False,False
1334,9.6,2.3,8.3,3.5,0.3,3.41,True,False,False
1335,6.7,2.5,5.2,1.1,8.5,3.11,True,False,False
1336,6.8,1.5,7.7,0.0,8.0,3.15,False,False,True
1337,6.2,0.8,6.3,4.8,5.9,2.76,False,False,True
1338,7.5,3.5,6.2,0.5,6.3,3.0,False,False,True
1339,6.8,3.0,7.8,4.9,1.5,2.99,False,False,True
1340,5.2,3.9,6.9,0.9,7.1,3.28,False,True,False
1341,8.3,1.1,7.9,3.5,3.2,3.49,True,False,False
1342,6.3,1.8,7.7,4.0,4.2,2.91,False,False,True
1343,8.9,1.6,8.2,0.8,4.5,3.3,True,False,False
1344,8.6,0.1,6.0,2.9,6.4,3.42,True,False,False
1345,9.4,2.1,9.6,1.4,1.5,3.2,True,False,False
1346,9.0,1.0,9.5,4.1,0.4,3.34,True,False,False
1347,9.7,2.1,8.4,3.0,0.8,3.51,True,False,False
1348,5.2,2.0,5.8,1.1,9.9,2.58,True,False,False
1349,6.8,1.7,8.1,0.4,7.0,2.75,False,False,True
1350,7.9,2.5,7.8,4.3,1.5,3.19,False,False,True
1351,6.7,3.1,7.2,2.9,4.1,3.24,False,False,True
1352,6.5,0.3,5.5,5.5,6.2,3.28,True,False,False
1353,8.4,0.5,6.8,3.6,4.7,3.34,True,False,False
1354,5.0,0.8,9.8,3.7,4.7,2.69,False,True,False
1355,6.3,0.3,5.1,1.5,10.8,2.9,True,False,False
1356,8.6,3.7,7.0,0.9,3.8,3.48,True,False,False
1357,7.6,3.6,9.0,0.3,3.5,3.27,False,False,True
1358,9.5,0.5,7.7,5.3,1.0,3.78,True,False,False
1359,7.1,1.9,5.4,1.7,7.9,3.14,True,False,False
1360,6.4,1.8,8.4,1.0,6.4,2.93,False,False,True
1361,7.4,3.0,9.3,2.7,1.6,2.95,False,False,True
1362,9.7,0.5,8.9,1.3,3.6,3.53,True,False,False
1363,9.7,2.9,8.8,0.6,2.0,3.87,True,False,False
1364,8.8,0.4,9.8,4.5,0.5,3.12,True,False,False
1365,6.4,3.3,7.6,2.8,3.9,3.11,False,False,True
1366,8.6,1.6,8.1,4.0,1.7,2.94,True,False,False
1367,8.6,0.2,9.3,2.7,3.2,3.11,True,False,False
1368,7.4,3.5,6.9,4.5,1.7,2.95,False,False,True
1369,5.5,1.9,10.0,4.6,2.0,2.83,False,True,False
1370,6.2,1.6,8.9,4.6,2.7,2.63,False,False,True
1371,6.1,3.7,8.0,2.3,3.9,3.41,False,False,True
1372,7.8,1.9,7.5,1.1,5.7,3.18,False,False,True
1373,9.1,2.2,5.7,4.6,2.4,3.17,True,False,False
1374,7.6,0.5,9.7,1.1,5.1,3.07,False,False,True
1375,6.3,1.6,6.9,4.8,4.4,2.69,False,False,True
1376,6.3,2.0,5.7,3.7,6.3,2.91,True,False,False
1377,7.8,2.9,9.7,3.3,0.3,3.09,False,False,True
1378,9.5,3.9,9.3,0.1,1.2,3.28,True,False,False
1379,9.7,1.7,5.0,2.7,4.9,3.47,True,False,False
1380,6.7,1.9,8.1,5.2,2.1,2.88,False,False,True
1381,8.3,1.7,9.1,4.4,0.5,3.26,True,False,False
1382,6.4,0.2,8.3,5.2,3.9,2.75,False,False,True
1383,5.8,3.2,9.3,5.2,0.5,2.96,False,True,False
1384,6.6,2.2,5.3,0.3,9.6,2.94,True,False,False
1385,8.6,1.8,6.3,1.1,6.2,3.2,True,False,False
1386,7.4,1.4,6.6,5.8,2.8,2.87,False,False,True
1387,8.2,0.1,7.2,5.3,3.2,3.12,True,False,False
1388,8.8,2.4,7.9,0.3,4.6,3.26,True,False,False
1389,5.7,2.5,6.0,3.0,6.8,2.5,False,True,False
1390,9.7,3.4,8.6,0.2,2.1,3.53,True,False,False
1391,5.5,2.0,5.8,5.9,4.8,2.82,True,False,False
1392,6.8,2.6,5.6,2.6,6.4,2.77,True,False,False
1393,6.4,3.6,5.2,5.5,3.3,2.86,True,False,False
1394,8.9,0.1,9.8,2.7,2.5,3.51,True,False,False
1395,6.5,1.5,5.3,5.9,4.8,3.0,True,False,False
1396,7.2,3.8,6.2,3.2,3.6,3.02,False,False,True
1397,7.4,2.8,5.3,1.2,7.3,3.25,True,False,False
1398,5.9,2.3,6.1,5.2,4.5,2.72,False,True,False
1399,9.7,2.1,6.8,1.3,4.1,3.55,True,False,False
1400,9.7,1.6,8.5,2.1,2.1,3.87,True,False,False
1401,7.6,1.1,7.3,2.8,5.2,3.2,False,False,True
1402,6.6,0.2,7.5,3.3,6.4,3.02,False,False,True
1403,5.8,3.0,9.9,5.0,0.3,2.93,False,True,False
1404,8.5,1.8,7.7,5.1,0.9,3.23,True,False,False
1405,7.4,1.5,7.5,3.5,4.1,3.33,False,False,True
1406,5.5,2.4,5.6,0.5,10.0,3.11,True,False,False
1407,7.6,1.6,7.9,0.5,6.4,2.89,False,False,True
1408,9.9,2.2,8.4,1.1,2.4,3.43,True,False,False
1409,5.5,3.9,6.4,2.5,5.7,2.8,False,True,False
1410,9.1,2.1,6.4,0.4,6.0,3.37,True,False,False
1411,5.8,3.6,8.4,1.5,4.7,2.91,False,True,False
1412,7.9,1.6,6.8,1.3,6.4,3.1,False,False,True
1413,8.3,3.9,5.9,3.5,2.4,2.95,True,False,False
1414,6.3,3.3,7.4,3.3,3.7,2.52,False,False,True
1415,6.5,0.7,5.4,4.3,7.1,3.1,True,False,False
1416,7.0,1.7,7.3,2.2,5.8,2.85,False,False,True
1417,5.5,1.2,8.3,4.0,5.0,2.76,False,True,False
1418,6.0,0.8,5.1,5.4,6.7,2.54,True,False,False
1419,6.1,0.9,6.4,0.8,9.8,2.79,False,False,True
1420,5.7,2.6,6.7,4.2,4.8,2.9,False,True,False
1421,7.8,1.0,8.3,0.7,6.2,2.69,False,False,True
1422,6.3,2.4,9.4,5.9,0.0,3.22,False,False,True
1423,8.0,1.6,6.1,1.5,6.8,2.75,False,False,True
1424,9.6,1.5,6.9,2.3,3.7,3.37,True,False,False
1425,9.2,2.6,8.1,1.4,2.7,3.39,True,False,False
1426,7.0,2.0,8.3,0.1,6.6,3.27,False,False,True
1427,9.4,1.8,6.7,0.8,5.3,3.37,True,False,False
1428,7.0,2.7,7.1,5.8,1.4,2.47,False,False,True
1429,8.0,3.2,5.5,2.4,4.9,3.36,True,False,False
1430,9.3,0.3,5.4,5.1,3.9,3.02,True,False,False
1431,6.1,2.7,7.7,5.0,2.5,3.04,False,False,True
1432,7.1,1.3,8.0,5.6,2.0,3.08,False,False,True
1433,9.2,4.0,5.1,0.6,5.1,3.62,True,False,False
1434,6.4,1.0,8.9,0.3,7.4,3.04,False,False,True
1435,6.8,2.0,7.8,4.4,3.0,3.27,False,False,True
1436,7.9,2.2,8.2,1.5,4.2,2.87,False,False,True
1437,5.4,0.5,6.1,3.0,9.0,2.91,False,True,False
1438,8.9,1.4,7.0,2.4,4.3,3.5,True,False,False
1439,6.0,0.2,8.0,5.9,3.9,2.76,False,False,True
1440,9.1,2.8,9.7,1.0,1.4,3.53,True,False,False
1441,8.3,1.9,8.2,2.5,3.1,3.25,True,False,False
1442,7.6,3.2,8.7,3.0,1.5,2.86,False,False,True
1443,5.6,2.9,7.5,5.4,2.6,2.98,False,True,False
1444,5.7,3.0,5.0,1.0,9.3,2.42,True,False,False
1445,7.9,2.9,9.6,2.5,1.1,2.99,False,False,True
1446,5.0,0.5,7.7,4.1,6.7,3.07,False,True,False
1447,7.1,2.9,7.6,0.4,6.0,3.15,False,False,True
1448,8.6,3.6,5.6,5.9,0.3,3.21,True,False,False
1449,6.0,0.0,10.0,1.7,6.3,2.7,False,False,True
1450,7.9,3.6,6.6,4.0,1.9,3.29,False,False,True
1451,5.9,2.5,6.7,1.3,7.6,2.7,False,True,False
1452,9.5,1.6,6.2,2.7,4.0,3.32,True,False,False
1453,6.6,3.0,9.9,2.0,2.5,3.03,False,False,True
1454,5.8,2.8,7.6,3.9,3.9,3.09,False,True,False
1455,9.4,1.8,9.5,2.5,0.8,3.91,True,False,False
1456,6.6,3.9,8.3,0.2,5.0,2.93,False,False,True
1457,6.6,2.5,5.3,0.1,9.5,2.6,True,False,False
1458,7.2,1.1,5.8,4.1,5.8,2.96,True,False,False
1459,7.6,0.8,6.6,3.6,5.4,3.3,False,False,True
1460,8.6,2.7,7.4,3.4,1.9,3.45,True,False,False
1461,5.2,2.5,8.9,3.0,4.4,2.51,False,True,False
1462,8.2,2.8,9.4,1.2,2.4,3.06,True,False,False
1463,8.8,2.2,9.4,1.9,1.7,3.85,True,False,False
1464,8.7,3.9,5.4,0.3,5.7,3.42,True,False,False
1465,9.7,2.1,8.1,2.0,2.1,3.49,True,False,False
1466,8.7,1.2,6.5,5.0,2.6,3.25,True,False,False
1467,5.4,3.5,6.3,3.6,5.2,2.85,False,True,False
1468,7.1,2.8,6.7,1.7,5.7,3.16,False,False,True
1469,10.0,3.0,8.2,1.0,1.8,3.81,True,False,False
1470,7.7,3.4,5.2,2.2,5.5,3.22,True,False,False
1471,6.2,1.8,5.4,5.7,4.9,2.98,True,False,False
1472,7.8,3.7,5.0,4.5,3.0,3.16,True,False,False
1473,9.5,0.6,5.5,2.5,5.9,3.44,True,False,False
1474,7.6,0.6,5.0,4.9,5.9,3.29,True,False,False
1475,5.4,2.5,9.6,1.3,5.2,2.69,False,True,False
1476,8.0,0.7,8.7,1.8,4.8,3.25,False,False,True
1477,7.3,2.4,5.9,4.4,4.0,3.3,True,False,False
1478,5.8,2.8,5.6,2.6,7.2,2.62,True,False,False
1479,6.2,3.0,6.3,5.3,3.2,2.91,False,False,True
1480,8.1,0.4,7.0,4.3,4.2,3.24,True,False,False
1481,8.3,2.5,6.4,2.3,4.5,3.31,True,False,False
1482,7.5,2.8,6.2,1.9,5.6,3.02,False,False,True
1483,6.7,0.1,6.7,4.8,5.7,3.01,False,False,True
1484,7.3,0.1,9.4,0.1,7.1,3.29,False,False,True
1485,9.7,2.0,6.7,5.2,0.4,3.47,True,False,False
1486,7.7,0.9,7.1,3.9,4.4,3.08,False,False,True
1487,8.6,0.0,9.7,0.9,4.8,3.14,True,False,False
1488,5.2,0.5,9.9,1.9,6.5,2.61,False,True,False
1489,5.6,0.4,8.6,5.1,4.3,2.81,False,True,False
1490,6.1,2.1,6.3,5.6,3.9,2.73,False,False,True
1491,9.5,2.3,6.8,2.1,3.3,3.74,True,False,False
1492,7.3,3.4,9.7,1.2,2.4,2.97,False,False,True
1493,7.8,0.4,6.0,2.5,7.3,3.24,False,False,True
1494,5.8,1.8,8.0,4.2,4.2,2.82,False,True,False
1495,6.9,3.5,7.8,2.5,3.3,3.02,False,False,True
1496,9.1,2.5,9.2,1.6,1.6,3.22,True,False,False
1497,5.6,0.1,6.5,4.2,7.6,2.71,False,True,False
1498,7.5,1.7,7.1,1.4,6.3,3.32,False,False,True
1499,5.7,0.8,5.3,1.2,11.0,2.74,True,False,False
1500,6.8,0.0,9.2,0.2,7.8,2.8,False,False,True
1501,9.7,3.6,7.7,1.6,1.4,3.22,True,False,False
1502,8.2,0.2,5.3,2.7,7.6,3.55,True,False,False
1503,7.7,3.6,5.5,4.9,2.3,3.06,True,False,False
1504,6.6,1.6,5.8,3.0,7.0,2.73,True,False,False
1505,9.0,1.8,7.5,4.8,0.9,3.33,True,False,False
1506,6.3,3.5,7.9,1.3,5.0,3.32,False,False,True
1507,6.3,3.2,5.2,6.0,3.3,3.0,True,False,False
1508,7.0,2.0,9.4,2.3,3.3,2.98,False,False,True
1509,7.7,0.2,5.0,1.5,9.6,3.0,True,False,False
1510,5.6,1.6,8.2,4.3,4.3,2.91,False,True,False
1511,5.9,0.3,9.7,1.6,6.5,2.76,False,True,False
1512,9.1,3.1,8.0,1.3,2.5,3.46,True,False,False
1513,6.3,0.5,7.5,3.5,6.2,2.87,False,False,True
1514,6.8,2.6,9.5,0.8,4.3,2.58,False,False,True
1515,6.9,0.6,8.1,4.4,4.0,3.0,False,False,True
1516,9.8,0.3,8.0,0.3,5.6,3.53,True,False,False
1517,9.5,2.1,8.3,3.4,0.7,3.35,True,False,False
1518,5.6,1.9,8.0,0.2,8.3,2.99,False,True,False
1519,6.4,0.1,7.1,5.4,5.0,2.72,False,False,True
1520,9.6,3.0,8.7,1.9,0.8,3.45,True,False,False
1521,6.0,0.8,8.4,1.3,7.5,3.19,False,False,True
1522,8.9,1.8,9.0,3.6,0.7,3.27,True,False,False
1523,8.3,0.9,6.4,1.9,6.5,3.18,True,False,False
1524,6.0,1.8,9.5,0.6,6.1,2.78,False,False,True
1525,8.6,2.7,5.5,5.5,1.7,2.9,True,False,False
1526,8.8,1.0,8.5,0.2,5.5,3.52,True,False,False
1527,9.2,1.8,8.2,1.1,3.7,3.6,True,False,False
1528,7.4,2.5,7.3,5.4,1.4,3.25,False,False,True
1529,7.5,3.4,9.0,1.7,2.4,3.03,False,False,True
1530,9.1,0.9,7.6,4.8,1.6,3.08,True,False,False
1531,6.8,2.6,6.2,0.7,7.7,3.0,False,False,True
1532,6.4,3.4,6.7,5.8,1.7,2.98,False,False,True
1533,9.9,1.1,5.2,4.2,3.6,3.3,True,False,False
1534,8.5,0.1,9.4,0.8,5.2,3.25,True,False,False
1535,5.6,0.7,9.8,4.2,3.7,2.75,False,True,False
1536,6.7,0.9,7.4,3.3,5.7,3.26,False,False,True
1537,8.2,1.0,9.7,0.9,4.2,2.81,True,False,False
1538,7.2,2.3,7.2,2.5,4.8,3.03,False,False,True
1539,8.7,2.7,9.2,0.8,2.6,3.58,True,False,False
1540,6.8,1.9,6.6,0.9,7.8,3.38,False,False,True
1541,6.1,0.4,8.4,4.0,5.1,2.88,False,False,True
1542,7.9,3.9,7.7,4.1,0.4,3.4,False,False,True
1543,5.4,0.8,7.2,3.5,7.1,2.71,False,True,False
1544,9.0,2.4,6.0,3.0,3.6,3.32,True,False,False
1545,8.7,3.1,7.5,1.4,3.3,2.99,True,False,False
1546,8.7,1.0,5.9,3.2,5.2,3.17,True,False,False
1547,6.4,2.5,5.6,3.9,5.6,2.89,True,False,False
1548,8.9,2.4,9.9,1.0,1.8,3.44,True,False,False
1549,8.4,0.3,7.0,5.8,2.5,2.9,True,False,False
1550,5.6,2.8,8.2,2.2,5.2,2.91,False,True,False
1551,9.8,0.1,6.5,5.5,2.1,3.24,True,False,False
1552,7.7,3.3,5.5,5.7,1.8,2.99,True,False,False
1553,9.0,0.7,8.6,2.2,3.5,3.62,True,False,False
1554,9.8,0.5,7.1,2.9,3.7,3.38,True,False,False
1555,6.9,1.5,5.3,4.1,6.2,2.77,True,False,False
1556,9.1,3.2,7.4,1.3,3.0,3.31,True,False,False
1557,8.2,1.2,6.2,4.4,4.0,3.08,True,False,False
1558,6.2,3.7,7.6,2.2,4.3,2.84,False,False,True
1559,9.4,1.6,6.7,1.2,5.1,3.11,True,False,False
1560,8.4,1.2,7.9,0.4,6.1,3.06,True,False,False
1561,6.0,1.6,9.7,2.3,4.4,2.66,False,False,True
1562,5.6,0.2,6.5,0.9,10.8,3.0,False,True,False
1563,5.9,3.0,5.1,3.3,6.7,2.91,True,False,False
1564,7.8,1.3,6.5,4.4,4.0,2.69,False,False,True
1565,9.4,0.8,5.5,5.4,2.9,3.55,True,False,False
1566,6.8,0.5,7.9,3.2,5.6,2.61,False,False,True
1567,6.0,1.8,9.0,3.5,3.7,2.92,False,False,True
1568,8.5,3.2,8.1,0.6,3.6,3.09,True,False,False
1569,8.6,2.7,5.1,2.5,5.1,3.54,True,False,False
1570,6.1,2.4,9.6,4.7,1.2,2.67,False,False,True
1571,9.6,3.9,5.1,3.4,2.0,3.65,True,False,False
1572,6.3,3.9,8.1,4.5,1.2,2.89,False,False,True
1573,5.4,0.7,8.8,0.1,9.0,2.57,False,True,False
1574,8.1,2.8,6.7,0.6,5.8,3.5,True,False,False
1575,5.3,2.4,7.6,4.5,4.2,2.25,False,True,False
1576,7.0,0.1,6.7,5.9,4.3,3.12,False,False,True
1577,9.4,1.3,7.9,4.6,0.8,3.34,True,False,False
1578,5.4,2.0,9.8,4.2,2.6,2.8,False,True,False
1579,5.4,0.8,8.9,5.0,3.9,3.12,False,True,False
1580,5.1,3.3,8.9,1.6,5.1,3.02,False,True,False
1581,8.5,0.9,5.2,1.2,8.2,3.17,True,False,False
1582,7.1,2.0,7.4,1.6,5.9,2.86,False,False,True
1583,5.1,2.4,7.0,1.8,7.7,2.84,False,True,False
1584,9.3,2.0,5.7,4.2,2.8,3.51,True,False,False
1585,6.0,1.8,5.3,5.0,5.9,2.88,True,False,False
1586,8.7,2.5,9.0,1.6,2.2,3.53,True,False,False
1587,8.9,1.8,9.7,1.8,1.8,3.63,True,False,False
1588,9.1,2.2,5.9,2.8,4.0,3.33,True,False,False
1589,9.8,3.0,9.1,0.1,2.0,3.9,True,False,False
1590,9.2,0.2,9.3,2.9,2.4,3.29,True,False,False
1591,6.0,1.3,6.4,3.2,7.1,2.84,False,False,True
1592,6.2,1.8,7.6,4.6,3.8,2.98,False,False,True
1593,7.2,3.2,8.1,0.6,4.9,3.04,False,False,True
1594,7.0,3.0,7.9,2.3,3.8,2.81,False,False,True
1595,5.9,0.9,7.9,2.5,6.8,2.63,False,True,False
1596,8.3,3.4,6.3,2.9,3.1,3.26,True,False,False
1597,9.9,1.3,8.0,0.4,4.4,3.33,True,False,False
1598,9.8,2.9,8.9,1.7,0.7,3.51,True,False,False
1599,7.9,1.8,9.3,4.8,0.2,3.34,False,False,True
1600,7.9,2.2,7.3,1.3,5.3,3.18,False,False,True
1601,5.0,1.0,7.5,2.3,8.2,2.82,False,True,False
1602,6.8,1.8,5.7,0.3,9.4,3.01,True,False,False
1603,8.9,2.3,8.8,0.6,3.4,3.02,True,False,False
1604,6.1,0.0,5.7,1.9,10.3,3.01,True,False,False
1605,5.6,3.9,6.5,0.8,7.2,2.92,False,True,False
1606,5.3,3.4,9.8,1.4,4.1,2.53,False,True,False
1607,7.3,0.1,8.2,2.5,5.9,2.92,False,False,True
1608,8.3,1.7,5.9,4.1,4.0,3.11,True,False,False
1609,7.8,3.4,5.6,4.7,2.5,3.02,True,False,False
1610,8.5,1.8,9.7,0.6,3.4,3.34,True,False,False
1611,8.2,1.5,9.8,1.5,3.0,3.4,True,False,False
1612,10.0,1.0,7.2,3.0,2.8,3.37,True,False,False
1613,6.5,0.1,6.1,1.7,9.6,2.72,False,False,True
1614,9.4,2.8,5.4,3.9,2.5,3.37,True,False,False
1615,8.3,3.8,5.0,1.5,5.4,3.43,True,False,False
1616,5.5,2.1,6.2,1.1,9.1,2.98,False,True,False
1617,9.1,0.5,7.3,5.6,1.5,3.37,True,False,False
1618,5.9,1.3,7.1,1.9,7.8,2.91,False,True,False
1619,6.4,3.9,5.8,4.4,3.5,2.91,True,False,False
1620,5.9,2.6,8.6,4.1,2.8,2.98,False,True,False
1621,6.6,1.0,9.8,5.5,1.1,3.23,False,False,True
1622,7.3,1.7,5.8,2.6,6.6,3.07,True,False,False
1623,7.7,0.1,7.2,4.7,4.3,3.37,False,False,True
1624,9.5,0.1,7.8,4.7,1.9,3.71,True,False,False
1625,7.7,1.3,5.7,5.3,4.0,3.36,True,False,False
1626,7.9,2.7,9.0,2.9,1.5,3.17,False,False,True
1627,7.0,2.1,9.0,2.2,3.7,2.89,False,False,True
1628,9.6,0.4,8.2,2.4,3.4,3.4,True,False,False
1629,7.0,2.7,5.3,3.6,5.4,3.17,True,False,False
1630,5.9,3.6,8.3,5.3,0.9,2.99,False,True,False
1631,7.4,2.2,9.6,4.3,0.5,2.77,False,False,True
1632,7.0,1.6,6.4,1.6,7.4,2.97,False,False,True
1633,9.3,0.3,8.4,1.0,5.0,3.29,True,False,False
1634,6.3,3.1,9.4,1.2,4.0,2.91,False,False,True
1635,7.3,1.9,9.4,4.1,1.3,3.51,False,False,True
1636,9.2,0.0,7.0,5.4,2.4,3.41,True,False,False
1637,8.7,2.2,7.6,1.9,3.6,3.73,True,False,False
1638,7.1,2.9,9.3,0.7,4.0,3.12,False,False,True
1639,7.3,1.6,8.4,1.5,5.2,3.27,False,False,True
1640,7.1,3.6,10.0,0.4,2.9,3.13,False,False,True
1641,6.2,3.8,9.8,0.4,3.8,3.17,False,False,True
1642,5.1,2.4,6.4,5.2,4.9,2.77,False,True,False
1643,6.4,2.7,8.4,1.3,5.2,2.94,False,False,True
1644,6.4,3.2,9.0,2.5,2.9,2.87,False,False,True
1645,8.0,2.4,9.1,1.9,2.6,3.01,False,False,True
1646,7.7,1.8,7.2,0.5,6.8,2.97,False,False,True
1647,8.6,0.9,6.0,2.5,6.0,3.38,True,False,False
1648,6.9,1.8,7.7,1.2,6.4,2.75,False,False,True
1649,5.8,3.5,7.2,2.5,5.0,2.87,False,True,False
1650,7.8,2.2,8.5,1.0,4.5,3.06,False,False,True
1651,6.3,3.2,9.7,0.7,4.1,2.65,False,False,True
1652,5.3,1.3,5.7,4.3,7.4,2.79,True,False,False
1653,7.7,0.6,5.0,4.8,5.9,3.23,True,False,False
1654,6.7,2.3,6.6,0.5,7.9,2.77,False,False,True
1655,6.1,0.8,7.1,3.9,6.1,3.4,False,False,True
1656,9.8,2.4,7.4,2.5,1.9,3.56,True,False,False
1657,9.6,3.3,6.6,1.1,3.4,3.45,True,False,False
1658,8.7,2.0,5.3,4.3,3.7,2.96,True,False,False
1659,9.0,1.2,8.3,2.3,3.2,3.74,True,False,False
1660,9.4,2.0,6.6,4.5,1.5,3.46,True,False,False
1661,6.1,1.6,9.3,4.3,2.7,2.65,False,False,True
1662,6.8,1.1,5.9,4.5,5.7,2.93,True,False,False
1663,6.3,1.8,6.9,5.9,3.1,2.8,False,False,True
1664,5.4,2.4,8.0,2.5,5.7,2.77,False,True,False
1665,7.2,0.2,7.6,3.0,6.0,2.83,False,False,True
1666,6.3,0.7,9.8,5.1,2.1,3.03,False,False,True
1667,6.2,1.3,6.0,3.0,7.5,3.12,False,False,True
1668,5.8,3.2,9.0,0.8,5.2,2.88,False,True,False
1669,7.0,0.7,6.3,1.6,8.4,2.63,False,False,True
1670,9.7,0.5,9.9,0.9,3.0,3.72,True,False,False
1671,8.9,1.4,5.7,5.1,2.9,3.55,True,False,False
1672,7.8,1.9,7.5,4.4,2.4,2.91,False,False,True
1673,5.4,2.7,9.5,0.3,6.1,2.9,False,True,False
1674,7.2,1.6,5.7,3.0,6.5,2.94,True,False,False
1675,5.6,1.9,8.8,1.5,6.2,2.89,False,True,False
1676,8.4,3.4,7.1,3.9,1.2,3.26,True,False,False
1677,5.2,0.5,6.0,2.4,9.9,2.69,False,True,False
1678,8.3,2.8,7.9,1.8,3.2,3.44,True,False,False
1679,7.9,1.4,5.4,6.0,3.3,3.11,True,False,False
1680,8.3,1.3,7.0,1.6,5.8,3.39,True,False,False
1681,6.7,1.6,8.6,3.1,4.0,3.54,False,False,True
1682,9.6,0.2,7.9,5.1,1.2,3.46,True,False,False
1683,6.2,3.5,5.1,4.4,4.8,2.97,True,False,False
1684,7.2,0.2,9.6,2.8,4.2,3.19,False,False,True
1685,5.1,2.8,7.4,0.7,8.0,3.15,False,True,False
1686,7.5,3.3,9.3,2.4,1.5,3.36,False,False,True
1687,5.1,2.8,7.1,3.4,5.6,2.5,False,True,False
1688,9.6,0.5,8.4,0.0,5.5,3.7,True,False,False
1689,9.6,0.5,5.5,2.0,6.4,3.19,True,False,False
1690,7.9,1.8,5.2,1.9,7.2,3.07,True,False,False
1691,9.1,2.8,8.6,2.4,1.1,3.24,True,False,False
1692,6.4,3.3,9.9,2.2,2.2,2.9,False,False,True
1693,5.0,0.6,6.6,3.5,8.3,2.89,False,True,False
1694,8.9,3.0,8.0,2.6,1.5,3.29,True,False,False
1695,8.2,2.5,7.8,5.4,0.1,3.4,True,False,False
1696,9.4,0.9,5.4,2.9,5.4,3.56,True,False,False
1697,7.6,3.3,7.2,3.4,2.5,3.03,False,False,True
1698,8.1,3.3,5.8,3.6,3.2,3.22,True,False,False
1699,8.0,0.7,5.6,5.9,3.8,2.93,True,False,False
1700,5.9,2.7,8.0,3.9,3.5,2.78,False,True,False
1701,5.4,3.6,6.9,1.9,6.2,2.35,False,True,False
1702,9.3,3.7,6.5,3.9,0.6,3.24,True,False,False
1703,8.9,3.7,6.2,3.0,2.2,3.49,True,False,False
1704,5.0,2.3,6.7,1.9,8.1,2.64,False,True,False
1705,8.2,3.4,8.0,3.8,0.6,3.26,True,False,False
1706,7.3,0.0,7.8,4.0,4.9,2.75,False,False,True
1707,8.0,2.9,7.9,0.3,4.9,3.25,False,False,True
1708,6.4,0.3,7.1,3.3,6.9,2.77,False,False,True
1709,6.6,2.9,8.2,2.0,4.3,3.14,False,False,True
1710,8.2,2.2,5.1,4.2,4.3,3.48,True,False,False
1711,6.9,3.8,9.1,2.5,1.7,2.88,False,False,True
1712,6.7,1.9,6.5,3.1,5.8,2.87,False,False,True
1713,5.8,3.9,5.5,5.6,3.2,2.88,True,False,False
1714,8.6,1.7,8.2,1.9,3.6,3.46,True,False,False
1715,6.5,2.3,7.5,3.5,4.2,2.8,False,False,True
1716,5.4,0.2,6.3,0.4,11.7,2.53,False,True,False
1717,5.5,3.3,5.2,4.0,6.0,2.95,True,False,False
1718,7.4,1.2,7.6,2.3,5.5,3.03,False,False,True
1719,7.8,0.5,10.0,2.4,3.3,3.43,False,False,True
1720,6.8,3.3,7.3,4.3,2.3,2.83,False,False,True
1721,5.5,3.4,8.7,1.3,5.1,2.74,False,True,False
1722,9.9,1.0,7.3,0.2,5.6,3.32,True,False,False
1723,7.0,2.3,9.8,2.5,2.4,3.09,False,False,True
1724,5.2,1.3,7.9,5.7,3.9,3.04,False,True,False
1725,9.3,0.9,6.1,1.2,6.5,3.29,True,False,False
1726,7.5,1.9,6.3,3.0,5.3,3.4,False,False,True
1727,5.2,0.5,9.4,4.5,4.4,2.9,False,True,False
1728,6.8,3.0,8.9,4.0,1.3,2.49,False,False,True
1729,8.6,0.8,6.7,2.8,5.1,3.52,True,False,False
1730,6.6,0.6,7.0,5.9,3.9,2.83,False,False,True
1731,6.1,2.4,7.2,0.4,7.9,3.29,False,False,True
1732,7.6,3.5,6.4,0.5,6.0,3.12,False,False,True
1733,9.7,1.5,7.9,3.9,1.0,3.69,True,False,False
1734,5.7,1.2,5.7,4.9,6.5,2.66,True,False,False
1735,6.1,2.9,9.7,2.8,2.5,2.5,False,False,True
1736,6.6,1.9,8.0,5.9,1.6,3.41,False,False,True
1737,9.7,3.4,9.4,0.7,0.8,3.6,True,False,False
1738,7.0,3.8,7.1,3.6,2.5,3.11,False,False,True
1739,8.5,3.8,6.2,4.1,1.4,2.93,True,False,False
1740,8.9,2.2,8.3,1.5,3.1,3.37,True,False,False
1741,7.4,2.5,7.0,1.2,5.9,3.11,False,False,True
1742,8.7,1.6,6.8,2.4,4.5,3.42,True,False,False
1743,7.0,2.2,7.7,3.0,4.1,3.05,False,False,True
1744,5.8,0.5,9.7,3.6,4.4,2.65,False,True,False
1745,8.3,1.6,9.5,2.9,1.7,3.12,True,False,False
1746,9.8,3.3,9.3,0.3,1.3,3.73,True,False,False
1747,6.4,1.1,6.4,5.1,5.0,2.79,False,False,True
1748,6.2,3.2,7.8,0.0,6.8,2.8,False,False,True
1749,7.1,1.6,5.6,4.1,5.6,3.28,True,False,False
1750,8.6,0.0,9.8,4.6,1.0,3.48,True,False,False
1751,9.5,0.1,9.7,3.8,0.9,3.57,True,False,False
1752,9.7,1.8,8.0,2.1,2.4,3.82,True,False,False
1753,9.7,0.3,7.5,4.1,2.4,3.53,True,False,False
1754,9.5,3.8,5.3,2.2,3.2,3.7,True,False,False
1755,5.1,1.3,7.7,5.5,4.4,2.8,False,True,False
1756,7.7,1.1,9.5,5.3,0.4,2.99,False,False,True
1757,7.0,3.6,6.9,4.4,2.1,2.84,False,False,True
1758,9.6,1.8,8.7,1.4,2.5,3.43,True,False,False
1759,5.1,0.4,7.5,4.1,6.9,3.01,False,True,False
1760,8.5,2.8,7.5,4.8,0.4,3.06,True,False,False
1761,7.4,1.8,6.0,1.8,7.0,3.13,False,False,True
1762,6.2,1.2,8.9,2.0,5.7,2.85,False,False,True
1763,6.2,0.7,8.9,0.8,7.4,3.02,False,False,True
1764,8.4,2.5,9.1,0.2,3.8,2.65,True,False,False
1765,6.5,1.1,5.7,1.7,9.0,3.02,True,False,False
1766,8.3,1.5,8.6,1.9,3.7,2.86,True,False,False
1767,6.5,2.2,5.1,0.5,9.7,3.1,True,False,False
1768,8.6,0.4,9.2,4.2,1.6,3.27,True,False,False
1769,8.1,3.3,7.0,1.2,4.4,3.8,True,False,False
1770,7.7,2.3,9.7,3.9,0.4,3.3,False,False,True
1771,9.4,3.2,9.7,0.2,1.5,3.4,True,False,False
1772,9.2,2.0,8.7,0.6,3.5,3.03,True,False,False
1773,6.3,2.9,5.8,2.1,6.9,2.78,True,False,False
1774,8.5,1.5,7.8,0.6,5.6,3.02,True,False,False
1775,9.0,1.5,8.2,3.8,1.5,3.41,True,False,False
1776,8.1,1.7,5.9,5.7,2.6,3.17,True,False,False
1777,8.8,0.8,6.7,4.9,2.8,3.53,True,False,False
1778,7.2,2.9,6.9,1.3,5.7,3.23,False,False,True
1779,8.2,3.9,6.6,2.4,2.9,3.32,True,False,False
1780,9.2,3.0,5.3,6.0,0.5,3.77,True,False,False
1781,8.8,3.5,8.3,2.9,0.5,3.26,True,False,False
1782,9.4,0.8,5.4,4.7,3.7,3.25,True,False,False
1783,9.2,0.7,9.3,3.3,1.5,3.64,True,False,False
1784,7.1,0.8,6.4,3.0,6.7,3.08,False,False,True
1785,7.7,3.2,9.0,2.4,1.7,3.03,False,False,True
1786,5.3,3.5,5.4,1.5,8.3,2.91,True,False,False
1787,8.5,1.6,9.4,1.3,3.2,2.9,True,False,False
1788,7.7,3.5,9.6,0.9,2.3,3.39,False,False,True
1789,7.3,2.2,9.7,4.8,0.0,3.25,False,False,True
1790,6.9,0.0,5.0,2.8,9.3,2.85,True,False,False
1791,7.4,0.1,8.4,1.8,6.3,2.75,False,False,True
1792,5.8,1.6,6.2,3.2,7.2,2.98,False,True,False
1793,6.0,2.0,5.8,4.0,6.2,2.81,True,False,False
1794,7.3,0.3,8.0,1.6,6.8,3.15,False,False,True
1795,7.6,2.1,9.6,2.6,2.1,2.78,False,False,True
1796,9.7,3.1,6.4,4.1,0.7,3.76,True,False,False
1797,7.2,3.3,9.1,0.8,3.6,2.87,False,False,True
1798,6.5,1.2,8.6,1.4,6.3,3.18,False,False,True
1799,5.0,2.9,5.9,0.6,9.6,2.63,True,False,False
1800,7.4,0.2,9.9,4.3,2.2,2.84,False,False,True
1801,6.6,1.3,7.2,3.8,5.1,2.93,False,False,True
1802,9.3,1.0,6.9,5.2,1.6,3.32,True,False,False
1803,8.3,1.4,8.4,0.1,5.8,3.23,True,False,False
1804,9.1,3.8,9.6,1.4,0.1,3.71,True,False,False
1805,7.6,1.4,7.3,4.1,3.6,3.09,False,False,True
1806,9.6,3.3,9.9,1.1,0.1,3.5,True,False,False
1807,6.4,0.4,5.6,1.7,9.9,3.21,True,False,False
1808,9.5,2.5,5.0,1.1,5.9,3.52,True,False,False
1809,5.5,1.5,7.5,0.3,9.2,2.61,False,True,False
1810,8.2,1.9,7.5,2.6,3.8,3.13,True,False,False
1811,9.8,0.9,7.6,4.2,1.5,3.62,True,False,False
1812,6.9,1.9,5.4,3.7,6.1,3.05,True,False,False
1813,6.4,0.6,7.7,3.2,6.1,3.0,False,False,True
1814,8.1,0.8,7.3,4.3,3.5,3.12,True,False,False
1815,7.6,1.6,6.6,3.7,4.5,3.18,False,False,True
1816,5.4,1.8,9.5,0.6,6.7,2.9,False,True,False
1817,9.9,3.8,5.4,4.6,0.3,3.69,True,False,False
1818,7.1,1.8,8.2,4.6,2.3,2.98,False,False,True
1819,5.2,2.4,5.9,2.1,8.4,2.69,True,False,False
1820,6.7,0.4,5.7,0.2,11.0,2.58,True,False,False
1821,7.4,3.8,5.6,5.7,1.5,3.27,True,False,False
1822,8.2,3.3,5.5,3.0,4.0,3.5,True,False,False
1823,8.5,2.3,9.2,0.3,3.7,3.34,True,False,False
1824,6.9,1.4,8.1,5.3,2.3,3.42,False,False,True
1825,7.5,3.3,7.0,0.6,5.6,2.82,False,False,True
1826,8.6,3.0,5.3,1.3,5.8,3.06,True,False,False
1827,6.4,2.2,5.7,0.8,8.9,2.89,True,False,False
1828,6.8,3.2,7.6,0.8,5.6,2.78,False,False,True
1829,8.7,1.6,6.3,2.3,5.1,2.87,True,False,False
1830,6.2,1.6,5.1,4.6,6.5,2.92,True,False,False
1831,5.9,0.2,8.3,4.6,5.0,2.88,False,True,False
1832,6.0,2.9,8.5,1.5,5.1,3.17,False,False,True
1833,9.5,0.4,9.9,3.6,0.6,3.5,True,False,False
1834,8.6,0.8,7.2,0.4,7.0,3.32,True,False,False
1835,6.9,3.0,6.9,2.0,5.2,3.23,False,False,True
1836,5.2,1.5,5.8,4.2,7.3,2.83,True,False,False
1837,5.5,2.7,6.4,1.2,8.2,2.75,False,True,False
1838,7.4,2.0,6.6,0.8,7.2,3.1,False,False,True
1839,6.9,2.7,8.9,2.9,2.6,2.77,False,False,True
1840,6.4,0.6,6.2,1.3,9.5,3.04,False,False,True
1841,7.6,2.3,9.7,0.9,3.5,3.36,False,False,True
1842,7.8,1.0,6.3,0.2,8.7,3.27,False,False,True
1843,6.5,3.0,5.2,1.3,8.0,3.17,True,False,False
1844,7.3,2.8,6.9,1.0,6.0,3.24,False,False,True
1845,7.0,2.3,9.7,0.3,4.7,2.64,False,False,True
1846,7.5,0.1,6.6,4.9,4.9,3.14,False,False,True
1847,7.8,1.8,6.4,1.8,6.2,3.39,False,False,True
1848,9.8,1.8,7.0,4.6,0.8,3.39,True,False,False
1849,7.1,2.2,6.2,4.5,4.0,3.34,False,False,True
1850,8.9,0.9,8.6,4.5,1.1,3.36,True,False,False
1851,6.7,0.7,5.0,2.7,8.9,3.15,True,False,False
1852,5.9,3.4,6.3,1.4,7.0,2.48,False,True,False
1853,7.4,2.0,6.1,1.6,6.9,3.22,False,False,True
1854,8.9,1.8,8.6,3.5,1.2,3.17,True,False,False
1855,5.7,3.9,9.1,1.1,4.2,2.81,False,True,False
1856,5.7,3.0,7.3,4.7,3.3,2.82,False,True,False
1857,8.7,2.4,8.4,0.1,4.4,3.51,True,False,False
1858,5.0,0.1,9.3,4.1,5.5,2.47,False,True,False
1859,6.3,2.8,9.0,1.8,4.1,2.79,False,False,True
1860,7.5,3.1,6.1,1.6,5.7,3.07,False,False,True
1861,6.2,4.0,6.0,3.5,4.3,2.88,False,False,True
1862,8.2,3.0,9.9,0.5,2.4,3.3,True,False,False
1863,8.8,1.4,5.9,2.5,5.4,3.29,True,False,False
1864,7.7,4.0,7.0,3.3,2.0,3.44,False,False,True
1865,6.8,1.6,8.5,5.6,1.5,3.33,False,False,True
1866,5.4,0.8,7.5,0.1,10.2,2.86,False,True,False
1867,6.3,2.1,5.1,1.6,8.9,3.49,True,False,False
1868,9.6,2.6,7.1,4.4,0.3,3.54,True,False,False
1869,8.9,0.8,5.7,4.1,4.5,3.62,True,False,False
1870,8.7,2.5,9.9,1.5,1.4,3.36,True,False,False
1871,5.6,3.3,6.3,4.7,4.1,2.85,False,True,False
1872,8.0,1.8,6.8,2.1,5.3,3.23,False,False,True
1873,8.2,3.0,8.4,0.9,3.5,3.52,True,False,False
1874,7.4,2.1,8.9,3.7,1.9,3.1,False,False,True
1875,7.0,3.6,5.8,6.0,1.6,2.99,True,False,False
1876,8.6,3.2,9.3,2.9,0.0,3.38,True,False,False
1877,6.5,2.8,5.6,2.4,6.7,2.9,True,False,False
1878,8.0,2.0,8.2,5.6,0.2,3.4,False,False,True
1879,5.3,2.3,9.3,2.9,4.2,2.82,False,True,False
1880,6.7,0.6,9.2,3.1,4.4,2.85,False,False,True
1881,9.7,3.2,8.5,0.0,2.6,3.19,True,False,False
1882,9.6,0.7,6.4,3.1,4.2,3.38,True,False,False
1883,6.3,0.8,8.0,0.5,8.4,2.91,False,False,True
1884,8.6,2.2,7.1,3.4,2.7,3.18,True,False,False
1885,6.8,3.7,5.3,4.0,4.2,3.04,True,False,False
1886,5.9,1.2,8.6,0.5,7.8,2.92,False,True,False
1887,9.1,2.9,8.6,0.3,3.1,3.56,True,False,False
1888,9.2,0.2,5.1,2.2,7.3,3.61,True,False,False
1889,5.7,2.2,9.6,2.3,4.2,2.98,False,True,False
1890,5.5,2.4,7.3,5.6,3.2,2.77,False,True,False
1891,5.6,0.8,5.1,2.6,9.9,2.97,True,False,False
1892,8.0,2.5,7.7,0.5,5.3,3.12,False,False,True
1893,7.2,4.0,9.2,3.2,0.4,2.95,False,False,True
1894,7.4,2.7,9.4,3.4,1.1,3.04,False,False,True
1895,9.7,0.2,5.1,4.0,5.0,3.25,True,False,False
1896,6.7,1.1,7.6,2.6,6.0,2.83,False,False,True
1897,7.6,2.7,6.9,1.5,5.3,3.05,False,False,True
1898,8.7,3.0,8.3,0.9,3.1,3.1,True,False,False
1899,7.9,2.3,7.4,3.3,3.1,3.75,False,False,True
1900,8.6,0.4,8.7,0.8,5.5,3.22,True,False,False
1901,5.3,3.9,9.8,0.3,4.7,2.53,False,True,False
1902,7.4,3.3,9.8,2.2,1.3,3.06,False,False,True
1903,6.8,2.4,6.6,5.5,2.7,3.05,False,False,True
1904,6.6,1.2,5.2,4.9,6.1,3.2,True,False,False
1905,7.3,1.3,7.4,4.9,3.1,2.83,False,False,True
1906,6.9,1.3,5.9,3.6,6.3,2.94,True,False,False
1907,7.4,3.5,5.2,3.9,4.0,3.26,True,False,False
1908,9.4,2.9,9.6,0.7,1.4,3.57,True,False,False
1909,7.5,0.1,5.0,1.4,10.0,3.07,True,False,False
1910,5.9,0.1,9.5,0.0,8.5,2.79,False,True,False
1911,8.7,0.6,9.6,4.6,0.5,3.57,True,False,False
1912,5.0,3.9,9.4,5.1,0.6,2.98,False,True,False
1913,8.3,1.4,9.5,1.4,3.4,3.06,True,False,False
1914,9.6,0.6,6.1,3.3,4.4,3.47,True,False,False
1915,8.8,2.5,6.2,0.0,6.5,3.29,True,False,False
1916,9.5,1.6,7.6,2.5,2.8,3.7,True,False,False
1917,7.2,3.1,7.6,1.9,4.2,2.79,False,False,True
1918,5.7,2.6,8.4,4.5,2.8,2.94,False,True,False
1919,7.5,3.6,9.7,2.6,0.6,2.84,False,False,True
1920,9.9,1.1,6.0,2.7,4.3,3.68,True,False,False
1921,5.3,3.9,7.9,3.3,3.6,2.79,False,True,False
1922,5.2,2.4,8.6,2.5,5.3,3.21,False,True,False
1923,8.8,0.9,6.1,1.0,7.2,3.53,True,False,False
1924,9.1,1.5,7.9,4.0,1.5,3.29,True,False,False
1925,6.2,0.7,9.9,3.7,3.5,2.73,False,False,True
1926,6.3,2.0,6.6,1.0,8.1,3.09,False,False,True
1927,6.3,0.1,8.5,3.0,6.1,2.99,False,False,True
1928,5.5,3.0,5.1,1.5,8.9,2.66,True,False,False
1929,9.5,2.9,5.4,4.9,1.3,3.67,True,False,False
1930,8.0,2.7,10.0,0.8,2.5,3.2,False,False,True
1931,8.1,1.8,5.2,0.1,8.8,3.28,True,False,False
1932,7.8,2.2,5.2,2.8,6.0,3.0,True,False,False
1933,9.6,1.6,8.1,3.7,1.0,3.46,True,False,False
1934,9.3,1.6,9.4,0.9,2.8,3.69,True,False,False
1935,6.4,0.2,9.0,2.5,5.9,2.81,False,False,True
1936,9.5,3.3,7.8,2.1,1.3,3.28,True,False,False
1937,7.4,1.6,9.6,0.7,4.7,2.75,False,False,True
1938,7.5,1.8,7.6,0.8,6.3,2.93,False,False,True
1939,7.6,1.0,5.9,0.4,9.1,3.06,True,False,False
1940,8.1,2.9,8.4,2.2,2.4,3.52,True,False,False
1941,6.9,1.5,8.2,3.0,4.4,2.99,False,False,True
1942,8.2,1.2,5.1,5.3,4.2,3.19,True,False,False
1943,6.1,3.7,8.6,4.3,1.3,2.79,False,False,True
1944,7.6,0.7,6.5,1.9,7.3,3.0,False,False,True
1945,5.8,0.8,8.9,1.0,7.5,2.89,False,True,False
1946,9.9,1.3,5.6,3.4,3.8,3.43,True,False,False
1947,9.5,3.1,8.1,1.0,2.3,3.25,True,False,False
1948,8.4,2.9,9.8,0.8,2.1,3.28,True,False,False
1949,5.1,2.2,8.5,4.7,3.5,2.64,False,True,False
1950,7.6,1.3,9.3,2.7,3.1,2.98,False,False,True
1951,9.0,2.3,8.9,1.3,2.5,3.24,True,False,False
1952,7.7,0.9,7.4,1.9,6.1,3.31,False,False,True
1953,6.3,3.9,5.8,4.7,3.3,2.73,True,False,False
1954,5.2,1.6,9.7,0.1,7.4,2.95,False,True,False
1955,7.9,2.0,9.4,0.4,4.3,3.42,False,False,True
1956,8.3,3.8,9.1,0.1,2.7,3.48,True,False,False
1957,7.4,1.6,6.6,2.7,5.7,2.88,False,False,True
1958,9.9,0.4,9.6,2.0,2.1,3.09,True,False,False
1959,8.1,3.3,6.8,2.5,3.3,2.86,True,False,False
1960,9.6,3.3,5.5,0.6,5.0,3.19,True,False,False
1961,7.1,0.4,8.1,0.9,7.5,3.02,False,False,True
1962,6.6,2.7,7.4,5.9,1.4,2.99,False,False,True
1963,9.4,1.4,5.2,5.1,2.9,3.59,True,False,False
1964,9.5,0.9,9.5,1.3,2.8,3.24,True,False,False
1965,9.9,1.1,9.8,0.2,3.0,3.54,True,False,False
1966,7.4,0.9,8.5,1.1,6.1,3.48,False,False,True
1967,7.8,1.0,9.8,0.2,5.2,3.04,False,False,True
1968,7.1,0.9,7.5,5.2,3.3,2.92,False,False,True
1969,8.6,2.3,5.4,4.2,3.5,3.38,True,False,False
1970,6.3,1.7,6.8,5.2,4.0,2.84,False,False,True
1971,5.6,2.3,5.7,4.2,6.2,2.81,True,False,False
1972,7.4,3.7,7.6,2.6,2.7,3.29,False,False,True
1973,7.9,2.8,5.5,4.9,2.9,3.03,True,False,False
1974,8.9,1.5,5.5,3.8,4.3,3.31,True,False,False
1975,9.4,3.6,9.8,1.0,0.2,3.32,True,False,False
1976,8.0,2.4,6.8,5.4,1.4,3.42,False,False,True
1977,7.5,1.9,10.0,2.3,2.3,3.14,False,False,True
1978,9.1,3.1,8.9,2.1,0.8,3.1,True,False,False
1979,6.3,3.4,9.5,0.9,3.9,2.97,False,False,True
1980,8.2,2.2,5.3,4.5,3.8,3.43,True,False,False
1981,7.5,2.6,7.5,3.0,3.4,3.02,False,False,True
1982,5.8,0.8,9.9,0.9,6.6,2.71,False,True,False
1983,6.3,2.4,8.1,0.9,6.3,3.07,False,False,True
1984,6.2,1.2,9.7,5.0,1.9,3.06,False,False,True
1985,8.5,0.3,7.1,3.4,4.7,3.23,True,False,False
1986,8.0,1.3,8.9,4.9,0.9,2.93,False,False,True
1987,6.6,3.4,5.5,5.0,3.5,2.9,True,False,False
1988,9.5,1.5,6.4,3.0,3.6,3.86,True,False,False
1989,7.3,1.4,8.5,4.6,2.2,3.28,False,False,True
1990,7.0,2.7,7.4,6.0,0.9,2.85,False,False,True
1991,8.6,3.8,9.2,2.2,0.2,3.26,True,False,False
1992,6.3,1.5,5.1,3.1,8.0,3.21,True,False,False
1993,7.5,2.1,9.9,4.1,0.4,3.04,False,False,True
1994,7.1,1.4,9.0,3.1,3.4,2.85,False,False,True
1995,7.9,3.4,9.0,0.5,3.2,3.08,False,False,True
1996,6.5,0.2,7.4,2.1,7.8,3.32,False,False,True
1997,6.3,2.8,8.8,1.5,4.6,2.65,False,False,True
1998,6.2,0.0,6.2,0.8,10.8,3.14,False,False,True
1999,8.1,0.7,7.6,3.5,4.1,3.04,True,False,False
2000,9.0,1.7,7.3,3.1,2.9,3.58,True,False,False
